channel_1,channel_2,channel_3,channel_4,channel_5,channel_6,channel_2_1
123.0,35.0,18.0,9.0,1.0,0,34.0
124.0,35.0,18.0,9.0,1.0,0,34.0
121.0,35.0,18.0,9.0,1.0,0,34.0
121.0,34.0,17.0,9.0,1.0,0,34.0
120.0,34.0,17.0,9.0,1.0,0,34.0
120.0,34.0,17.0,8.0,1.0,0,34.0
119.0,38.0,17.0,8.0,1.0,0,34.0
119.0,37.0,17.0,8.0,5.0,0,34.0
118.0,37.0,17.0,7.0,6.0,0,34.0
117.0,37.0,17.0,7.0,6.0,0,34.0
120.0,37.0,17.0,7.0,6.0,0,34.0
119.0,36.0,16.0,7.0,6.0,0,34.0
118.0,36.0,16.0,7.0,6.0,0,34.0
118.0,36.0,16.0,7.0,5.0,0,34.0
117.0,36.0,16.0,7.0,6.0,0,34.0
117.0,35.0,16.0,7.0,5.0,0,34.0
115.0,35.0,16.0,7.0,6.0,0,34.0
115.0,35.0,16.0,7.0,5.0,0,34.0
114.0,35.0,15.0,7.0,5.0,0,34.0
113.0,35.0,15.0,7.0,5.0,0,34.0
113.0,35.0,15.0,7.0,6.0,0,34.0
112.0,35.0,15.0,7.0,1.0,0,34.0
112.01616915422886,34.0,15.0,7.0,1.0,0,34.0
141.0,34.0,15.0,7.0,1.0,0,34.0
140.0,34.0,15.0,7.0,1.0,0,34.0
139.0,34.0,15.0,7.0,1.0,0,34.0
138.0,34.0,15.0,7.0,1.0,0,34.0
137.0,33.0,15.0,7.0,1.0,0,34.0
135.0,33.0,15.0,7.0,1.0,0,34.0
135.0,33.0,15.0,6.0,1.0,0,34.0
134.0,33.0,15.0,6.0,1.0,0,34.0
134.0,32.0,14.0,6.0,1.0,0,34.0
133.0,32.0,14.0,6.0,1.0,0,34.0
132.0,32.0,14.0,6.0,1.0,0,34.0
131.0,32.0,14.0,6.0,1.0,0,34.0
134.0,31.0,14.0,6.0,1.0,0,34.0
133.0,31.0,14.0,6.0,1.0,0,34.0
132.0,31.0,14.0,6.0,1.0,0,34.0
131.0,31.0,14.0,6.0,1.0,0,34.0
130.0,31.0,14.0,6.0,1.0,0,34.0
129.0,31.0,14.0,6.0,1.0,0,34.0
128.0,31.0,14.0,6.0,1.0,0,34.0
127.0,30.0,13.0,6.0,1.0,0,34.0
126.0,30.0,13.0,6.0,1.0,0,34.0
125.0,30.0,13.0,6.0,1.0,0,34.0
134.0,30.0,13.0,6.0,1.0,0,34.0
140.0,30.0,13.0,6.0,1.0,0,34.0
140.0,30.0,13.0,5.0,1.0,0,34.0
138.0,29.0,13.0,5.0,1.0,0,34.0
137.0,29.0,13.0,5.0,1.0,0,34.0
135.0,29.0,13.0,5.0,1.0,0,34.0
135.0,29.0,12.0,5.0,1.0,0,34.0
134.0,29.0,12.0,5.0,1.0,0,34.0
133.0,28.0,12.0,5.0,6.0,0,34.0
132.0,28.0,12.0,5.0,6.0,0,34.0
131.0,28.0,12.0,5.0,6.0,0,34.0
130.0,28.0,12.0,5.0,6.0,0,34.0
129.0,28.0,12.0,5.0,6.0,0,34.0
128.0,28.0,12.0,5.0,6.0,0,34.0
127.0,27.0,12.0,5.0,6.0,0,34.0
127.0,27.0,12.0,4.0,6.0,0,34.0
126.0,27.0,12.0,4.0,6.0,0,34.0
126.0,27.0,12.0,5.0,6.0,0,34.0
125.0,27.0,11.0,4.0,6.0,0,34.0
125.0,27.0,12.0,4.0,5.0,0,34.0
124.0,27.0,11.0,4.0,5.0,0,34.0
123.0,27.0,11.0,5.0,5.0,0,34.0
122.0,26.0,11.0,10.0,6.0,0,34.0
122.0,26.0,11.0,10.0,5.0,0,34.0
121.0,26.0,11.0,10.0,5.0,0,34.0
120.0,25.0,11.0,10.0,5.0,0,34.0
120.0,26.0,67.0,9.0,5.0,0,34.0
118.0,25.0,29.804726368159205,9.0,5.0,0,34.0
117.0,25.0,29.804726368159205,9.0,5.0,0,34.0
116.0,25.0,29.804726368159205,9.0,5.0,0,34.0
115.0,25.0,29.804726368159205,9.0,5.0,0,34.0
114.0,25.0,29.804726368159205,9.0,5.0,0,34.0
114.0,25.0,29.804726368159205,9.0,4.0,0,34.0
115.0,24.0,75.0,9.0,5.0,0,34.0
114.0,24.0,75.0,9.0,4.0,0,34.0
114.0,24.0,75.0,8.0,4.0,0,34.0
113.0,24.0,74.0,8.0,4.0,0,34.0
112.0,24.0,73.0,9.0,4.0,0,34.0
111.0,37.0,73.0,7.0,4.0,0,34.0
111.0,51.0,73.0,7.0,4.0,0,34.0
110.0,51.0,71.0,7.0,4.0,0,34.0
110.0,50.0,71.0,7.0,4.0,0,34.0
109.0,50.0,71.0,7.0,3.0,0,34.0
109.0,50.0,71.0,7.0,4.0,0,34.0
108.0,49.0,71.0,7.0,3.0,0,34.0
108.0,49.0,70.0,7.0,4.0,0,34.0
108.0,49.0,70.0,7.0,3.0,0,34.0
107.0,49.0,69.0,7.0,3.0,0,34.0
107.0,48.0,69.0,7.0,3.0,0,34.0
106.0,48.0,69.0,7.0,3.0,0,34.0
106.0,48.0,68.0,7.0,3.0,0,34.0
105.0,48.0,68.0,7.0,3.0,0,34.0
105.0,47.0,67.0,7.0,3.0,0,34.0
103.0,47.0,67.0,7.0,3.0,0,34.0
103.0,46.0,66.0,7.0,3.0,0,34.0
102.0,46.0,66.0,7.0,3.0,0,34.0
102.0,46.0,66.0,6.0,3.0,0,34.0
101.0,45.0,65.0,6.0,3.0,0,34.0
100.0,45.0,65.0,6.0,3.0,0,34.0
99.0,45.0,64.0,7.0,3.0,0,34.0
99.0,44.0,63.0,7.0,3.0,0,34.0
98.0,44.0,63.0,7.0,3.0,0,34.0
98.0,44.0,63.0,6.0,3.0,0,34.0
97.0,45.0,63.0,6.0,3.0,0,34.0
97.0,45.0,62.0,6.0,3.0,0,34.0
96.0,45.0,62.0,6.0,3.0,0,34.0
96.0,44.0,62.0,6.0,3.0,0,34.0
96.0,44.0,61.0,6.0,3.0,0,34.0
97.0,44.0,61.0,6.0,2.0,0,34.0
96.0,44.0,61.0,6.0,2.0,0,34.0
95.0,43.0,60.0,6.0,2.0,0,34.0
94.0,43.0,60.0,6.0,2.0,0,34.0
93.0,43.0,59.0,6.0,2.0,0,34.0
93.0,42.0,59.0,6.0,2.0,0,34.0
92.0,42.0,58.0,6.0,2.0,0,34.0
92.0,41.0,58.0,5.0,2.0,0,34.0
91.0,41.0,57.0,5.0,2.0,0,34.0
99.0,41.0,57.0,5.0,2.0,0,34.0
98.0,40.0,56.0,5.0,2.0,0,34.0
97.0,39.0,56.0,5.0,2.0,0,34.0
96.0,39.0,56.0,5.0,2.0,0,34.0
96.0,39.0,55.0,5.0,2.0,0,34.0
95.0,39.0,55.0,5.0,2.0,0,34.0
94.0,39.0,54.0,5.0,2.0,0,34.0
93.0,39.0,54.0,5.0,2.0,0,34.0
102.0,38.0,54.0,5.0,2.0,0,34.0
108.0,38.0,53.0,5.0,2.0,0,34.0
107.0,38.0,53.0,4.0,2.0,0,34.0
106.0,37.0,52.0,4.0,1.0,0,34.0
105.0,37.0,52.0,4.0,2.0,0,34.0
105.0,37.0,52.0,4.0,1.0,0,34.0
105.0,37.0,51.0,4.0,2.0,0,34.0
103.0,37.0,51.0,4.0,1.0,0,34.0
103.0,36.0,51.0,4.0,2.0,0,34.0
102.0,36.0,51.0,4.0,1.0,0,34.0
102.0,36.0,50.0,4.0,1.0,0,34.0
101.0,35.0,50.0,4.0,1.0,0,34.0
114.0,35.0,50.0,4.0,1.0,0,34.0
114.0,35.0,50.0,3.0,1.0,0,34.0
114.0,35.0,49.0,4.0,1.0,0,34.0
113.0,35.0,49.0,3.0,1.0,0,34.0
112.0,35.0,49.0,4.0,1.0,0,34.0
112.0,35.0,49.0,3.0,1.0,0,34.0
111.0,35.0,49.0,3.0,1.0,0,34.0
111.0,34.0,48.0,3.0,1.0,0,34.0
110.0,34.0,48.0,3.0,1.0,0,34.0
109.0,34.0,48.0,3.0,1.0,0,34.0
108.0,34.0,48.0,3.0,1.0,0,34.0
108.0,33.0,47.0,3.0,1.0,0,34.0
107.0,33.0,47.0,3.0,1.0,0,34.0
121.0,33.0,47.0,3.0,1.0,0,34.0
120.0,35.0,46.0,3.0,1.0,0,34.0
118.0,35.0,46.0,3.0,1.0,0,34.0
117.0,35.0,46.0,3.0,1.0,0,34.0
116.0,35.0,46.0,3.0,1.0,0,34.0
115.0,34.0,45.0,5.0,1.0,0,34.0
114.0,34.0,45.0,5.0,1.0,0,34.0
113.0,34.0,44.0,5.0,1.0,0,34.0
112.0,33.0,44.0,4.0,1.0,0,34.0
119.0,33.0,44.0,4.0,1.0,0,34.0
118.0,33.0,44.0,4.0,1.0,0,34.0
117.0,33.0,43.0,4.0,1.0,0,34.0
117.0,48.0,43.0,4.0,1.0,0,34.0
116.0,48.0,43.0,4.0,1.0,0,34.0
115.0,48.0,43.0,4.0,1.0,0,34.0
115.0,48.0,43.0,3.0,1.0,0,34.0
114.0,48.0,42.0,3.0,1.0,0,34.0
113.0,47.0,42.0,3.0,1.0,0,34.0
113.0,47.0,42.0,4.0,1.0,0,34.0
112.0,47.0,42.0,3.0,1.0,0,34.0
112.0,47.0,41.0,3.0,1.0,0,34.0
111.0,46.0,41.0,3.0,0.0,0,34.0
110.0,46.0,41.0,3.0,1.0,0,34.0
115.0,46.0,41.0,3.0,1.0,0,34.0
114.0,46.0,41.0,3.0,0.0,0,34.0
113.0,46.0,41.0,3.0,1.0,0,34.0
113.0,45.0,40.0,3.0,1.0,0,34.0
112.0,45.0,39.0,3.0,1.0,0,34.0
112.0,45.0,39.0,3.0,0.0,0,34.0
111.0,44.0,39.0,3.0,0.0,0,34.0
111.0,44.0,39.0,3.0,1.0,0,34.0
110.0,44.0,39.0,3.0,0.0,0,34.0
109.0,44.0,39.0,3.0,1.0,0,34.0
109.0,44.0,39.0,3.0,0.0,0,34.0
108.0,43.0,39.0,3.0,0.0,0,34.0
108.0,43.0,39.0,3.0,1.0,0,34.0
107.0,43.0,39.0,3.0,0.0,0,34.0
114.0,43.0,38.0,3.0,0.0,0,34.0
113.0,42.0,38.0,3.0,1.0,0,34.0
112.0,42.0,38.0,3.0,0.0,0,34.0
112.0,42.0,38.0,3.0,1.0,0,34.0
111.0,42.0,37.0,3.0,1.0,0,34.0
111.0,41.0,37.0,3.0,1.0,0,34.0
110.0,41.0,37.0,3.0,1.0,0,34.0
109.0,41.0,37.0,3.0,0.0,0,34.0
109.0,41.0,37.0,3.0,1.0,0,34.0
108.0,41.0,36.0,2.0,0.0,0,34.0
108.0,39.0,36.0,3.0,0.0,0,34.0
107.0,39.0,36.0,3.0,0.0,0,34.0
107.0,39.0,36.0,3.0,1.0,0,34.0
106.0,39.0,35.0,2.0,1.0,0,34.0
113.0,39.0,35.0,3.0,1.0,0,34.0
112.0,39.0,35.0,3.0,1.0,0,34.0
111.0,39.0,35.0,3.0,1.0,0,34.0
110.0,39.0,35.0,2.0,1.0,0,34.0
110.0,39.0,35.0,2.0,0.0,0,34.0
109.0,38.0,34.0,2.0,0.0,0,34.0
109.0,38.0,35.0,2.0,1.0,0,34.0
108.0,38.0,34.0,2.0,0.0,0,34.0
107.0,38.0,34.0,2.0,0.0,0,34.0
106.0,37.0,34.0,2.0,0.0,0,34.0
106.0,37.0,33.0,2.0,0.0,0,34.0
105.0,37.0,33.0,2.0,0.0,0,34.0
103.0,37.0,33.0,2.0,0.0,0,34.0
103.0,36.0,33.0,2.0,0.0,0,34.0
103.0,36.0,32.0,6.0,1.0,0,34.0
103.0,36.0,32.0,7.0,0.0,0,34.0
102.0,36.0,32.0,7.0,0.0,0,34.0
102.0,35.0,31.0,7.0,0.0,0,34.0
101.0,35.0,31.0,7.0,0.0,0,34.0
101.0,39.0,31.0,7.0,0.0,0,34.0
100.0,39.0,31.0,7.0,0.0,0,34.0
99.0,39.0,31.0,7.0,0.0,0,34.0
98.0,39.0,31.0,7.0,0.0,0,34.0
106.0,39.0,31.0,7.0,0.0,0,34.0
105.0,39.0,30.0,7.0,0.0,0,34.0
103.0,39.0,30.0,7.0,0.0,0,34.0
103.0,38.0,30.0,7.0,0.0,0,34.0
103.0,38.0,30.0,6.0,0.0,0,34.0
102.0,38.0,30.0,6.0,0.0,0,34.0
102.0,37.0,30.0,6.0,0.0,0,34.0
101.0,39.0,29.0,6.0,0.0,0,34.0
100.0,39.0,29.0,6.0,0.0,0,34.0
99.0,39.0,29.0,6.0,0.0,0,34.0
120.0,39.0,29.0,6.0,0.0,0,34.0
119.0,39.0,29.0,6.0,0.0,0,34.0
119.0,39.0,28.0,6.0,0.0,0,34.0
118.0,39.0,28.0,6.0,0.0,0,34.0
117.0,38.0,28.0,6.0,0.0,0,34.0
116.0,38.0,28.0,6.0,0.0,0,34.0
115.0,38.0,28.0,6.0,0.0,0,34.0
115.0,38.0,28.0,5.0,0.0,0,34.0
114.0,37.0,27.0,5.0,0.0,0,34.0
113.0,37.0,28.0,5.0,1.0,0,34.0
112.0,37.0,27.0,5.0,0.0,0,34.0
112.0,37.0,27.0,5.0,1.0,0,34.0
115.0,37.0,27.0,5.0,1.0,0,34.0
115.0,36.0,27.0,5.0,1.0,0,34.0
115.0,36.0,27.0,5.0,0.0,0,34.0
114.0,36.0,27.0,5.0,1.0,0,34.0
113.0,35.0,27.0,5.0,0.0,0,34.0
113.0,35.0,26.0,5.0,0.0,0,34.0
112.0,35.0,26.0,5.0,0.0,0,34.0
111.0,35.0,26.0,5.0,0.0,0,34.0
111.0,35.0,26.0,4.0,1.0,0,34.0
110.0,35.0,26.0,5.0,0.0,0,34.0
110.0,35.0,26.0,4.0,0.0,0,34.0
109.0,35.0,25.0,4.0,1.0,0,34.0
109.0,34.0,26.0,4.0,0.0,0,34.0
108.0,35.0,26.0,4.0,0.0,0,34.0
109.0,35.0,26.0,4.0,0.0,0,34.0
108.0,35.0,26.0,4.0,1.0,0,34.0
107.0,35.0,26.0,4.0,0.0,0,34.0
107.0,34.0,25.0,5.0,0.0,0,34.0
106.0,34.0,25.0,4.0,0.0,0,34.0
105.0,34.0,25.0,4.0,0.0,0,34.0
103.0,33.0,25.0,4.0,0.0,0,34.0
102.0,33.0,24.0,4.0,0.0,0,34.0
107.0,33.0,24.0,4.0,0.0,0,34.0
107.0,32.0,24.0,4.0,0.0,0,34.0
106.0,32.0,24.0,3.0,0.0,0,34.0
105.0,32.0,24.0,3.0,0.0,0,34.0
105.0,32.0,25.0,3.0,0.0,0,34.0
103.0,31.0,24.0,3.0,0.0,0,34.0
102.0,31.0,24.0,3.0,1.0,0,34.0
102.0,31.0,24.0,3.0,0.0,0,34.0
101.0,31.0,24.0,3.0,0.0,0,34.0
100.0,30.0,24.0,3.0,0.0,0,34.0
111.0,30.0,24.0,3.0,0.0,0,34.0
110.0,30.0,23.0,3.0,0.0,0,34.0
109.0,30.0,23.0,3.0,0.0,0,34.0
108.0,30.0,23.0,3.0,0.0,0,34.0
108.0,30.0,47.0,3.0,0.0,0,34.0
107.0,30.0,50.0,3.0,0.0,0,34.0
107.0,29.0,49.0,3.0,0.0,0,34.0
105.0,29.0,49.0,3.0,0.0,0,34.0
103.0,29.0,48.0,3.0,0.0,0,34.0
103.0,28.0,48.0,3.0,0.0,0,34.0
103.0,28.0,47.0,3.0,0.0,0,34.0
103.0,28.0,47.0,2.0,0.0,0,34.0
103.0,28.0,46.0,3.0,0.0,0,34.0
102.0,28.0,46.0,3.0,0.0,0,34.0
101.0,30.0,46.0,3.0,0.0,0,34.0
101.0,30.0,46.0,2.0,0.0,0,34.0
100.0,29.0,46.0,2.0,0.0,0,34.0
100.0,29.0,45.0,3.0,0.0,0,34.0
99.0,29.0,45.0,2.0,0.0,0,34.0
98.0,29.0,45.0,3.0,0.0,0,34.0
98.0,29.0,44.0,2.0,0.0,0,34.0
97.0,28.0,44.0,2.0,0.0,0,34.0
102.0,28.0,44.0,2.0,0.0,0,34.0
111.0,28.0,44.0,2.0,0.0,0,34.0
111.0,28.0,43.0,2.0,0.0,0,34.0
110.0,28.0,43.0,2.0,0.0,0,34.0
109.0,28.0,43.0,2.0,0.0,0,34.0
108.0,28.0,42.0,2.0,0.0,0,34.0
107.0,27.0,42.0,2.0,0.0,0,34.0
107.0,27.0,41.0,2.0,0.0,0,34.0
106.0,27.0,41.0,2.0,0.0,0,34.0
105.0,27.0,41.0,2.0,0.0,0,34.0
103.0,27.0,41.0,2.0,0.0,0,34.0
116.0,26.0,40.0,2.0,0.0,0,34.0
140.0,26.0,39.0,2.0,0.0,0,34.0
139.0,26.0,39.0,2.0,0.0,0,34.0
138.0,26.0,39.0,2.0,0.0,0,34.0
137.0,26.0,39.0,2.0,0.0,0,34.0
135.0,26.0,39.0,2.0,0.0,0,34.0
135.0,25.0,39.0,2.0,0.0,0,34.0
134.0,28.0,39.0,2.0,0.0,0,34.0
133.0,28.0,39.0,2.0,0.0,0,34.0
132.0,28.0,38.0,1.0,0.0,0,34.0
131.0,27.0,38.0,2.0,0.0,0,34.0
130.0,27.0,38.0,1.0,0.0,0,34.0
130.0,27.0,38.0,2.0,0.0,0,34.0
129.0,27.0,37.0,2.0,0.0,0,34.0
128.0,26.0,37.0,2.0,0.0,0,34.0
127.0,26.0,37.0,2.0,0.0,0,34.0
127.0,26.0,37.0,1.0,0.0,0,34.0
125.0,26.0,37.0,1.0,0.0,0,34.0
125.0,25.0,37.0,1.0,0.0,0,34.0
124.0,26.0,36.0,1.0,0.0,0,34.0
124.0,35.0,36.0,1.0,0.0,0,34.0
123.0,35.0,36.0,1.0,0.0,0,34.0
123.0,35.0,35.0,1.0,0.0,0,34.0
121.0,35.0,35.0,1.0,0.0,0,34.0
122.0,35.0,35.0,1.0,0.0,0,34.0
121.0,34.0,35.0,1.0,0.0,0,34.0
120.0,34.0,35.0,1.0,0.0,0,34.0
119.0,34.0,34.0,1.0,0.0,0,34.0
118.0,33.0,34.0,1.0,0.0,0,34.0
117.0,33.0,34.0,1.0,0.0,0,34.0
117.0,33.0,34.0,2.0,0.0,0,34.0
116.0,33.0,34.0,1.0,0.0,0,34.0
115.0,33.0,33.0,1.0,0.0,0,34.0
114.0,33.0,33.0,1.0,0.0,0,34.0
113.0,32.0,32.0,1.0,0.0,0,34.0
112.0,33.0,32.0,1.0,0.0,0,34.0
112.0,32.0,32.0,1.0,0.0,0,34.0
111.0,31.0,31.0,1.0,0.0,0,34.0
110.0,31.0,31.0,1.0,0.0,0,34.0
109.0,31.0,31.0,1.0,0.0,0,34.0
108.0,31.0,31.0,1.0,0.0,0,34.0
107.0,31.0,31.0,1.0,0.0,0,34.0
108.0,30.0,31.0,1.0,0.0,0,34.0
107.0,30.0,31.0,1.0,0.0,0,34.0
106.0,30.0,31.0,1.0,0.0,0,34.0
105.0,30.0,30.0,1.0,0.0,0,34.0
105.0,29.0,30.0,1.0,0.0,0,34.0
103.0,29.0,30.0,1.0,0.0,0,34.0
102.0,29.0,30.0,1.0,0.0,0,34.0
102.0,29.0,29.0,1.0,0.0,0,34.0
107.0,28.0,29.0,1.0,0.0,0,34.0
106.0,31.0,29.0,1.0,0.0,0,34.0
105.0,31.0,29.0,1.0,0.0,0,34.0
103.0,31.0,29.0,1.0,0.0,0,34.0
103.0,30.0,28.0,1.0,0.0,0,34.0
102.0,30.0,28.0,1.0,0.0,0,34.0
101.0,30.0,28.0,1.0,0.0,0,34.0
101.0,29.0,28.0,1.0,0.0,0,34.0
100.0,29.0,28.0,1.0,0.0,0,34.0
99.0,29.0,27.0,1.0,0.0,0,34.0
101.0,29.0,27.0,1.0,0.0,0,34.0
121.0,29.0,27.0,2.0,0.0,0,34.0
120.0,29.0,27.0,2.0,0.0,0,34.0
120.0,28.0,27.0,3.0,0.0,0,34.0
119.0,29.0,27.0,3.0,0.0,0,34.0
118.0,29.0,27.0,3.0,0.0,0,34.0
117.0,29.0,26.0,3.0,0.0,0,34.0
117.0,28.0,26.0,3.0,0.0,0,34.0
116.0,28.0,26.0,3.0,0.0,0,34.0
115.0,28.0,26.0,3.0,0.0,0,34.0
114.0,28.0,25.0,3.0,0.0,0,34.0
113.0,28.0,25.0,3.0,0.0,0,34.0
117.0,27.0,25.0,3.0,0.0,0,34.0
122.0,27.0,25.0,3.0,0.0,0,34.0
121.0,27.0,25.0,3.0,0.0,0,34.0
120.0,27.0,25.0,3.0,0.0,0,34.0
120.0,27.0,24.0,3.0,0.0,0,34.0
119.0,29.0,24.0,3.0,0.0,0,34.0
118.0,29.0,24.0,3.0,0.0,0,34.0
117.0,29.0,24.0,3.0,0.0,0,34.0
117.0,28.0,24.0,2.0,0.0,0,34.0
116.0,28.0,24.0,7.0,0.0,0,34.0
115.0,28.0,24.0,8.0,0.0,0,34.0
114.0,28.0,24.0,7.0,0.0,0,34.0
117.0,28.0,24.0,7.0,0.0,0,34.0
115.0,27.0,23.0,7.0,0.0,0,34.0
114.0,27.0,23.0,7.0,0.0,0,34.0
113.0,26.0,22.0,7.0,0.0,0,34.0
112.0,35.0,23.0,7.0,0.0,0,34.0
112.0,35.0,22.0,7.0,0.0,0,34.0
111.0,35.0,22.0,7.0,0.0,0,34.0
110.0,35.0,22.0,7.0,0.0,0,34.0
109.0,35.0,22.0,7.0,0.0,0,34.0
109.0,34.0,22.0,7.0,0.0,0,34.0
108.0,34.0,22.0,7.0,0.0,0,34.0
108.0,34.0,21.0,7.0,0.0,0,34.0
107.0,34.0,22.0,7.0,0.0,0,34.0
107.0,33.0,21.0,7.0,0.0,0,34.0
106.0,33.0,21.0,7.0,0.0,0,34.0
105.0,33.0,21.0,6.0,0.0,0,34.0
105.0,33.0,24.0,7.0,0.0,0,34.0
103.0,33.0,53.0,7.0,0.0,0,34.0
103.0,33.0,52.0,6.0,0.0,0,34.0
102.0,32.0,51.0,7.0,0.0,0,34.0
102.0,32.0,51.0,6.0,0.0,0,34.0
122.0,32.0,51.0,6.0,0.0,0,34.0
121.0,32.0,51.0,6.0,0.0,0,34.0
121.0,31.0,51.0,6.0,0.0,0,34.0
120.0,31.0,50.0,6.0,0.0,0,34.0
119.0,31.0,50.0,6.0,0.0,0,34.0
118.0,31.0,49.0,6.0,0.0,0,34.0
117.0,31.0,49.0,6.0,0.0,0,34.0
116.0,31.0,49.0,6.0,0.0,0,34.0
115.0,48.0,48.0,6.0,0.0,0,34.0
115.0,51.0,48.0,6.0,0.0,0,34.0
115.0,50.0,48.0,5.0,0.0,0,34.0
114.0,50.0,48.0,5.0,0.0,0,34.0
113.0,50.0,48.0,5.0,0.0,0,34.0
113.0,49.0,47.0,5.0,0.0,0,34.0
112.0,49.0,47.0,5.0,0.0,0,34.0
111.0,49.0,47.0,5.0,0.0,0,34.0
111.0,48.0,47.0,6.0,0.0,0,34.0
110.0,48.0,46.0,5.0,0.0,0,34.0
109.0,48.0,46.0,5.0,0.0,0,34.0
108.0,48.0,45.0,5.0,0.0,0,34.0
108.0,47.0,45.0,5.0,0.0,0,34.0
107.0,47.0,45.0,5.0,0.0,0,34.0
107.0,47.0,44.0,5.0,0.0,0,34.0
118.0,46.0,44.0,5.0,0.0,0,34.0
117.0,46.0,44.0,5.0,0.0,0,34.0
118.0,46.0,44.0,11.0,0.0,0,34.0
117.0,46.0,44.0,11.0,0.0,0,34.0
116.0,46.0,43.0,11.0,0.0,0,34.0
115.0,45.0,43.0,11.0,0.0,0,34.0
115.0,45.0,43.0,10.0,0.0,0,34.0
114.0,45.0,43.0,11.0,0.0,0,34.0
113.0,45.0,42.0,10.0,0.0,0,34.0
113.0,44.0,42.0,10.0,0.0,0,34.0
112.0,44.0,42.0,10.0,0.0,0,34.0
111.0,44.0,41.0,10.0,0.0,0,34.0
126.0,44.0,41.0,10.0,0.0,0,34.0
112.01616915422886,43.0,41.0,10.0,0.0,0,34.0
112.01616915422886,43.0,41.0,12.0,0.0,0,34.0
112.01616915422886,42.0,40.0,12.0,0.0,0,34.0
141.0,42.0,39.0,12.0,0.0,0,34.0
140.0,42.0,39.0,12.0,0.0,0,34.0
139.0,42.0,39.0,11.0,0.0,0,34.0
138.0,41.0,39.0,12.0,0.0,0,34.0
137.0,41.0,39.0,11.0,0.0,0,34.0
135.0,41.0,39.0,11.0,0.0,0,34.0
135.0,40.0,38.0,11.0,0.0,0,34.0
135.0,39.0,38.0,11.0,0.0,0,34.0
134.0,39.0,38.0,11.0,0.0,0,34.0
133.0,39.0,38.0,11.0,0.0,0,34.0
132.0,39.0,38.0,11.0,0.0,0,34.0
131.0,39.0,37.0,11.0,0.0,0,34.0
130.0,39.0,37.0,11.0,0.0,0,34.0
130.0,39.0,37.0,10.0,0.0,0,34.0
129.0,39.0,37.0,10.0,0.0,0,34.0
128.0,39.0,37.0,10.0,0.0,0,34.0
127.0,39.0,36.0,10.0,0.0,0,34.0
127.0,38.0,36.0,9.0,0.0,0,34.0
126.0,38.0,36.0,9.0,0.0,0,34.0
128.0,38.0,35.0,9.0,0.0,0,34.0
127.0,38.0,35.0,9.0,0.0,0,34.0
127.0,37.0,35.0,9.0,0.0,0,34.0
126.0,37.0,35.0,9.0,0.0,0,34.0
125.0,37.0,35.0,9.0,0.0,0,34.0
125.0,37.0,35.0,9.0,1.0,0,34.0
124.0,37.0,35.0,9.0,1.0,0,34.0
124.0,36.0,34.0,9.0,0.0,0,34.0
123.0,36.0,34.0,9.0,1.0,0,34.0
122.0,36.0,34.0,8.0,0.0,0,34.0
121.0,36.0,34.0,9.0,0.0,0,34.0
121.0,35.0,34.0,9.0,1.0,0,34.0
120.0,35.0,33.0,8.0,0.0,0,34.0
120.0,35.0,33.0,7.0,0.0,0,34.0
123.0,35.0,33.0,8.0,0.0,0,34.0
122.0,35.0,33.0,10.0,0.0,0,34.0
121.0,35.0,33.0,14.0,0.0,0,34.0
120.0,34.0,33.0,14.0,1.0,0,34.0
120.0,34.0,33.0,14.0,0.0,0,34.0
119.0,34.0,32.0,13.0,0.0,0,34.0
118.0,34.0,31.0,13.0,1.0,0,34.0
118.0,34.0,32.0,13.0,1.0,0,34.0
117.0,34.0,31.0,13.0,1.0,0,34.0
116.0,33.0,31.0,13.0,0.0,0,34.0
115.0,33.0,31.0,13.0,1.0,0,34.0
115.0,33.0,31.0,12.0,0.0,0,34.0
115.0,33.0,31.0,12.0,1.0,0,34.0
115.0,32.0,31.0,12.0,0.0,0,34.0
114.0,32.0,30.0,12.0,0.0,0,34.0
113.0,32.0,30.0,12.0,0.0,0,34.0
112.0,31.0,30.0,12.0,0.0,0,34.0
112.0,31.0,30.0,12.0,1.0,0,34.0
111.0,35.0,30.0,12.0,0.0,0,34.0
110.0,35.0,30.0,12.0,0.0,0,34.0
110.0,35.0,30.0,11.0,0.0,0,34.0
109.0,34.0,29.0,11.0,0.0,0,34.0
108.0,34.0,29.0,11.0,0.0,0,34.0
108.0,33.0,29.0,11.0,1.0,0,34.0
108.0,33.0,28.0,11.0,0.0,0,34.0
107.0,33.0,28.0,11.0,0.0,0,34.0
107.0,33.0,28.0,10.0,0.0,0,34.0
106.0,33.0,28.0,10.0,0.0,0,34.0
105.0,32.0,28.0,10.0,0.0,0,34.0
105.0,32.0,28.0,10.0,1.0,0,34.0
103.0,32.0,28.0,10.0,0.0,0,34.0
103.0,46.0,28.0,10.0,0.0,0,34.0
103.0,46.0,27.0,10.0,0.0,0,34.0
103.0,45.0,27.0,10.0,0.0,0,34.0
102.0,45.0,27.0,9.0,0.0,0,34.0
103.0,45.0,27.0,9.0,0.0,0,34.0
103.0,44.0,27.0,9.0,0.0,0,34.0
103.0,44.0,26.0,9.0,0.0,0,34.0
102.0,44.0,26.0,9.0,0.0,0,34.0
101.0,43.0,26.0,9.0,0.0,0,34.0
101.0,43.0,25.0,9.0,0.0,0,34.0
99.0,43.0,26.0,9.0,0.0,0,34.0
99.0,43.0,27.0,9.0,0.0,0,34.0
99.0,42.0,27.0,9.0,0.0,0,34.0
98.0,43.0,27.0,9.0,0.0,0,34.0
98.0,43.0,27.0,8.0,0.0,0,34.0
102.0,43.0,26.0,7.0,0.0,0,34.0
108.0,43.0,26.0,7.0,0.0,0,34.0
107.0,42.0,26.0,7.0,0.0,0,34.0
105.0,42.0,25.0,7.0,1.0,0,34.0
105.0,42.0,25.0,7.0,0.0,0,34.0
105.0,41.0,25.0,7.0,0.0,0,34.0
103.0,41.0,25.0,8.0,0.0,0,34.0
103.0,41.0,25.0,7.0,0.0,0,34.0
102.0,41.0,26.0,7.0,0.0,0,34.0
102.0,40.0,25.0,7.0,0.0,0,34.0
101.0,39.0,25.0,7.0,0.0,0,34.0
103.0,39.0,25.0,8.0,0.0,0,34.0
105.0,39.0,25.0,7.0,0.0,0,34.0
103.0,39.0,25.0,7.0,0.0,0,34.0
103.0,39.0,24.0,7.0,0.0,0,34.0
102.0,39.0,24.0,7.0,0.0,0,34.0
102.0,38.0,24.0,7.0,0.0,0,34.0
101.0,38.0,24.0,7.0,0.0,0,34.0
100.0,38.0,24.0,7.0,1.0,0,34.0
100.0,38.0,24.0,7.0,0.0,0,34.0
99.0,38.0,24.0,7.0,0.0,0,34.0
99.0,37.0,24.0,7.0,0.0,0,34.0
98.0,37.0,24.0,7.0,0.0,0,34.0
103.0,37.0,23.0,7.0,0.0,0,34.0
103.0,38.0,23.0,7.0,0.0,0,34.0
103.0,39.0,23.0,7.0,0.0,0,34.0
102.0,39.0,23.0,7.0,0.0,0,34.0
101.0,39.0,22.0,7.0,0.0,0,34.0
100.0,38.0,22.0,7.0,0.0,0,34.0
99.0,38.0,22.0,7.0,0.0,0,34.0
99.0,38.0,22.0,7.0,1.0,0,34.0
98.0,38.0,22.0,7.0,0.0,0,34.0
98.0,37.0,23.0,6.0,1.0,0,34.0
97.0,37.0,23.0,6.0,0.0,0,34.0
98.0,37.0,23.0,7.0,1.0,0,34.0
101.0,36.0,23.0,6.0,0.0,0,34.0
99.0,36.0,22.0,7.0,1.0,0,34.0
99.0,36.0,22.0,9.0,0.0,0,34.0
98.0,36.0,22.0,9.0,0.0,0,34.0
98.0,35.0,22.0,7.0,1.0,0,34.0
97.0,35.0,22.0,7.0,0.0,0,34.0
96.0,35.0,22.0,7.0,0.0,0,34.0
96.0,35.0,21.0,7.0,0.0,0,34.0
95.0,35.0,21.0,7.0,0.0,0,34.0
94.0,34.0,21.0,7.0,0.0,0,34.0
100.0,34.0,21.0,7.0,1.0,0,34.0
99.0,34.0,21.0,7.0,1.0,0,34.0
99.0,34.0,21.0,7.0,0.0,0,34.0
99.0,33.0,20.0,7.0,0.0,0,34.0
98.0,34.0,20.0,7.0,1.0,0,34.0
98.0,33.0,20.0,7.0,0.0,0,34.0
97.0,33.0,20.0,7.0,0.0,0,34.0
96.0,33.0,20.0,7.0,1.0,0,34.0
96.0,33.0,19.0,7.0,0.0,0,34.0
95.0,32.0,19.0,7.0,0.0,0,34.0
94.0,31.0,19.0,7.0,0.0,0,34.0
94.0,31.0,19.0,7.0,1.0,0,34.0
93.0,31.0,19.0,7.0,1.0,0,34.0
109.0,31.0,19.0,6.0,1.0,0,34.0
108.0,31.0,19.0,6.0,1.0,0,34.0
107.0,31.0,19.0,6.0,1.0,0,34.0
106.0,31.0,19.0,6.0,1.0,0,34.0
105.0,31.0,18.0,6.0,1.0,0,34.0
105.0,30.0,18.0,6.0,1.0,0,34.0
103.0,30.0,18.0,6.0,1.0,0,34.0
102.0,30.0,18.0,6.0,1.0,0,34.0
102.0,29.0,18.0,5.0,0.0,0,34.0
117.0,29.0,18.0,5.0,0.0,0,34.0
116.0,29.0,17.0,6.0,1.0,0,34.0
115.0,29.0,17.0,7.0,1.0,0,34.0
115.0,29.0,17.0,6.0,1.0,0,34.0
114.0,29.0,17.0,6.0,1.0,0,34.0
113.0,30.0,17.0,6.0,1.0,0,34.0
112.0,30.0,17.0,6.0,1.0,0,34.0
111.0,29.0,16.0,6.0,1.0,0,34.0
111.0,29.0,17.0,6.0,1.0,0,34.0
110.0,29.0,16.0,6.0,1.0,0,34.0
115.0,29.0,16.0,6.0,1.0,0,34.0
122.0,29.0,16.0,6.0,0.0,0,34.0
121.0,28.0,16.0,6.0,1.0,0,34.0
120.0,28.0,16.0,5.0,0.0,0,34.0
120.0,28.0,16.0,6.0,0.0,0,34.0
119.0,28.0,16.0,6.0,1.0,0,34.0
118.0,28.0,15.0,5.0,1.0,0,34.0
118.0,28.0,15.0,5.0,0.0,0,34.0
117.0,28.0,15.0,5.0,1.0,0,34.0
116.0,29.0,15.0,5.0,1.0,0,34.0
115.0,29.0,15.0,5.0,1.0,0,34.0
115.0,29.0,15.0,5.0,0.0,0,34.0
114.0,29.0,15.0,5.0,0.0,0,34.0
116.0,29.0,15.0,5.0,0.0,0,34.0
121.0,28.0,15.0,5.0,1.0,0,34.0
121.0,28.0,15.0,4.0,0.0,0,34.0
120.0,28.0,15.0,5.0,1.0,0,34.0
120.0,28.0,15.0,4.0,1.0,0,34.0
118.0,28.0,14.0,4.0,1.0,0,34.0
118.0,28.0,15.0,4.0,0.0,0,34.0
117.0,27.0,14.0,4.0,0.0,0,34.0
117.0,27.0,14.0,4.0,1.0,0,34.0
115.0,27.0,14.0,4.0,1.0,0,34.0
114.0,27.0,14.0,4.0,0.0,0,34.0
114.0,27.0,14.0,4.0,1.0,0,34.0
113.0,27.0,14.0,4.0,1.0,0,34.0
121.0,27.0,14.0,4.0,0.0,0,34.0
121.0,27.0,14.0,4.0,1.0,0,34.0
120.0,26.0,14.0,4.0,1.0,0,34.0
120.0,26.0,14.0,3.0,1.0,0,34.0
119.0,27.0,14.0,3.0,0.0,0,34.0
118.0,26.0,13.0,3.0,1.0,0,34.0
117.0,25.0,13.0,3.0,0.0,0,34.0
116.0,26.0,13.0,3.0,0.0,0,34.0
116.0,25.0,13.0,5.0,1.0,0,34.0
115.0,25.0,13.0,7.0,1.0,0,34.0
115.0,25.0,13.0,7.0,0.0,0,34.0
114.0,25.0,13.0,7.0,1.0,0,34.0
113.0,25.0,13.0,7.0,1.0,0,34.0
119.0,25.0,13.0,7.0,1.0,0,34.0
118.0,25.0,13.0,7.0,1.0,0,34.0
117.0,25.0,13.0,7.0,1.0,0,34.0
116.0,25.0,13.0,7.0,0.0,0,34.0
115.0,24.0,13.0,7.0,1.0,0,34.0
115.0,25.0,13.0,6.0,1.0,0,34.0
114.0,24.0,13.0,6.0,1.0,0,34.0
114.0,24.0,12.0,6.0,1.0,0,34.0
113.0,24.0,12.0,6.0,1.0,0,34.0
112.0,24.0,12.0,6.0,0.0,0,34.0
111.0,24.0,12.0,6.0,1.0,0,34.0
110.0,24.0,12.0,6.0,1.0,0,34.0
117.0,27.0,12.0,6.0,1.0,0,34.0
116.0,27.0,12.0,6.0,1.0,0,34.0
115.0,27.0,12.0,6.0,1.0,0,34.0
114.0,27.0,12.0,5.0,1.0,0,34.0
113.0,27.0,12.0,5.0,1.0,0,34.0
112.0,26.0,12.0,5.0,1.0,0,34.0
112.0,26.0,11.0,5.0,1.0,0,34.0
111.0,26.0,11.0,5.0,1.0,0,34.0
110.0,25.0,11.0,5.0,1.0,0,34.0
109.0,25.0,22.0,5.0,1.0,0,34.0
114.0,25.0,22.0,5.0,1.0,0,34.0
113.0,25.0,22.0,5.0,1.0,0,34.0
112.0,25.0,21.0,5.0,1.0,0,34.0
111.0,25.0,21.0,5.0,1.0,0,34.0
110.0,25.0,21.0,5.0,1.0,0,34.0
110.0,24.0,21.0,4.0,1.0,0,34.0
109.0,24.0,21.0,4.0,1.0,0,34.0
108.0,24.0,21.0,4.0,1.0,0,34.0
107.0,24.0,20.0,4.0,1.0,0,34.0
107.0,24.0,20.0,4.0,0.0,0,34.0
108.0,24.0,20.0,4.0,1.0,0,34.0
112.0,24.0,20.0,4.0,1.0,0,34.0
112.0,24.0,19.0,5.0,0.0,0,34.0
111.0,23.0,19.0,11.0,0.0,0,34.0
110.0,28.0,19.0,15.0,1.0,0,34.0
110.0,28.0,19.0,16.0,0.0,0,34.0
109.0,28.0,19.0,16.0,1.0,0,34.0
108.0,28.0,19.0,15.0,1.0,0,34.0
107.0,28.0,19.0,15.0,1.0,0,34.0
107.0,27.0,19.0,15.0,1.0,0,34.0
106.0,27.0,19.0,15.0,1.0,0,34.0
105.0,27.0,19.0,15.0,1.0,0,34.0
105.0,27.0,18.0,15.0,0.0,0,34.0
114.0,26.0,18.0,14.0,1.0,0,34.0
115.0,26.0,18.0,14.0,0.0,0,34.0
113.0,26.0,18.0,14.0,0.0,0,34.0
112.0,42.0,20.0,14.0,0.0,0,34.0
112.0,52.0,20.0,14.0,1.0,0,34.0
111.0,52.0,20.0,13.0,1.0,0,34.0
110.0,51.0,20.0,14.0,0.0,0,34.0
110.0,51.0,19.0,13.0,1.0,0,34.0
109.0,51.0,19.0,13.0,1.0,0,34.0
108.0,51.0,19.0,13.0,1.0,0,34.0
108.0,50.0,19.0,13.0,1.0,0,34.0
109.0,50.0,19.0,13.0,1.0,0,34.0
108.0,50.0,20.0,12.0,0.0,0,34.0
107.0,49.0,21.0,13.0,1.0,0,34.0
107.0,49.0,20.0,13.0,0.0,0,34.0
106.0,49.0,20.0,13.0,0.0,0,34.0
105.0,49.0,20.0,13.0,0.0,0,34.0
105.0,48.0,20.0,13.0,0.0,0,34.0
103.0,48.0,19.0,12.0,0.0,0,34.0
102.0,48.0,19.0,12.0,1.0,0,34.0
102.0,47.0,19.0,12.0,0.0,0,34.0
101.0,47.0,19.0,12.0,1.0,0,34.0
113.0,46.0,19.0,12.0,0.0,0,34.0
112.0,46.0,19.0,12.0,0.0,0,34.0
112.0,46.0,19.0,11.0,0.0,0,34.0
111.0,46.0,19.0,11.0,0.0,0,34.0
110.0,45.0,19.0,11.0,0.0,0,34.0
110.0,45.0,18.0,11.0,0.0,0,34.0
109.0,45.0,19.0,11.0,0.0,0,34.0
108.0,45.0,19.0,11.0,0.0,0,34.0
108.0,45.0,20.0,10.0,0.0,0,34.0
107.0,44.0,19.0,10.0,0.0,0,34.0
106.0,44.0,19.0,10.0,0.0,0,34.0
105.0,44.0,19.0,10.0,0.0,0,34.0
116.0,43.0,19.0,10.0,0.0,0,34.0
115.0,43.0,19.0,10.0,0.0,0,34.0
114.0,43.0,19.0,10.0,0.0,0,34.0
113.0,43.0,18.0,9.0,0.0,0,34.0
113.0,42.0,18.0,9.0,0.0,0,34.0
112.0,42.0,18.0,12.0,0.0,0,34.0
112.0,42.0,18.0,13.0,0.0,0,34.0
111.0,41.0,18.0,13.0,0.0,0,34.0
110.0,41.0,18.0,13.0,0.0,0,34.0
109.0,43.0,18.0,12.0,0.0,0,34.0
108.0,43.0,17.0,12.0,0.0,0,34.0
108.0,42.0,17.0,12.0,0.0,0,34.0
113.0,42.0,17.0,12.0,0.0,0,34.0
112.0,41.0,17.0,12.0,0.0,0,34.0
111.0,41.0,17.0,12.0,0.0,0,34.0
110.0,41.0,17.0,12.0,0.0,0,34.0
110.0,41.0,17.0,11.0,0.0,0,34.0
109.0,41.0,17.0,11.0,0.0,0,34.0
108.0,39.0,16.0,11.0,0.0,0,34.0
107.0,39.0,16.0,11.0,1.0,0,34.0
106.0,39.0,16.0,11.0,0.0,0,34.0
109.0,39.0,16.0,11.0,0.0,0,34.0
117.0,39.0,15.0,11.0,0.0,0,34.0
116.0,39.0,15.0,10.0,0.0,0,34.0
115.0,39.0,15.0,10.0,0.0,0,34.0
114.0,39.0,15.0,10.0,0.0,0,34.0
113.0,38.0,15.0,10.0,0.0,0,34.0
112.0,38.0,15.0,9.0,1.0,0,34.0
112.0,38.0,15.0,10.0,1.0,0,34.0
111.0,37.0,15.0,10.0,0.0,0,34.0
110.0,37.0,15.0,9.0,1.0,0,34.0
109.0,37.0,15.0,9.0,0.0,0,34.0
114.0,37.0,15.0,9.0,0.0,0,34.0
115.0,37.0,14.0,9.0,0.0,0,34.0
115.0,37.0,14.0,9.0,1.0,0,34.0
114.0,37.0,14.0,9.0,0.0,0,34.0
113.0,36.0,14.0,9.0,0.0,0,34.0
112.0,36.0,14.0,9.0,0.0,0,34.0
112.0,35.0,14.0,8.0,0.0,0,34.0
111.0,35.0,14.0,8.0,0.0,0,34.0
110.0,35.0,14.0,8.0,0.0,0,34.0
110.0,35.0,14.0,7.0,0.0,0,34.0
109.0,35.0,14.0,7.0,0.0,0,34.0
108.0,35.0,14.0,7.0,0.0,0,34.0
109.0,34.0,14.0,7.0,0.0,0,34.0
109.0,34.0,13.0,7.0,0.0,0,34.0
108.0,34.0,13.0,7.0,0.0,0,34.0
107.0,34.0,14.0,7.0,0.0,0,34.0
107.0,33.0,13.0,7.0,0.0,0,34.0
106.0,33.0,13.0,7.0,0.0,0,34.0
105.0,33.0,13.0,7.0,0.0,0,34.0
103.0,33.0,13.0,7.0,0.0,0,34.0
103.0,32.0,13.0,7.0,0.0,0,34.0
110.0,31.0,12.0,7.0,0.0,0,34.0
109.0,31.0,12.0,7.0,0.0,0,34.0
108.0,31.0,12.0,6.0,0.0,0,34.0
108.0,31.0,12.0,7.0,0.0,0,34.0
107.0,31.0,12.0,7.0,0.0,0,34.0
106.0,31.0,12.0,6.0,0.0,0,34.0
105.0,31.0,12.0,6.0,0.0,0,34.0
104.0,31.0,12.0,6.0,0.0,0,34.0
103.0,31.0,12.0,6.0,0.0,0,34.0
103.0,30.0,12.0,6.0,0.0,0,34.0
102.0,30.0,12.0,6.0,0.0,0,34.0
108.0,30.0,12.0,6.0,0.0,0,34.0
107.0,30.0,11.0,6.0,0.0,0,34.0
106.0,30.0,11.0,6.0,0.0,0,34.0
105.0,29.0,11.0,6.0,0.0,0,34.0
105.0,29.0,11.0,5.0,0.0,0,34.0
103.0,31.0,11.0,5.0,0.0,0,34.0
58.0,38.0,18.0,7.0,2.0,0,34.0
57.0,38.0,18.0,7.0,2.0,0,34.0
57.0,37.0,18.0,7.0,2.0,0,34.0
57.0,37.0,18.0,7.0,1.0,0,34.0
56.0,37.0,18.0,7.0,1.0,0,34.0
56.0,36.0,17.0,7.0,1.0,0,34.0
55.0,35.0,17.0,7.0,2.0,0,34.0
54.0,35.0,17.0,7.0,2.0,0,34.0
53.0,35.0,16.0,7.0,1.0,0,34.0
53.0,34.0,16.0,7.0,1.0,0,34.0
53.0,34.0,16.0,8.0,1.0,0,34.0
52.0,34.0,16.0,8.0,1.0,0,34.0
52.0,34.0,16.0,7.0,2.0,0,34.0
52.0,33.0,16.0,7.0,1.0,0,34.0
51.0,33.0,16.0,7.0,1.0,0,34.0
60.0,33.0,15.0,7.0,1.0,0,34.0
62.0,33.0,15.0,7.0,1.0,0,34.0
61.0,45.0,15.0,7.0,1.0,0,34.0
61.0,51.0,15.0,7.0,2.0,0,34.0
61.0,50.0,15.0,7.0,1.0,0,34.0
60.0,50.0,15.0,7.0,1.0,0,34.0
60.0,49.0,15.0,7.0,1.0,0,34.0
59.0,48.0,15.0,15.0,1.0,0,34.0
59.0,48.0,15.0,39.0,1.0,0,34.0
58.0,48.0,15.0,39.0,1.0,0,34.0
58.0,47.0,15.0,39.0,1.0,0,34.0
57.0,47.0,15.0,39.0,1.0,0,34.0
57.0,47.0,14.0,38.0,1.0,0,34.0
57.0,46.0,14.0,38.0,1.0,0,34.0
56.0,46.0,14.0,37.0,1.0,0,34.0
56.0,45.0,14.0,37.0,1.0,0,34.0
55.0,45.0,14.0,36.0,1.0,0,34.0
54.0,44.0,14.0,36.0,1.0,0,34.0
54.0,44.0,14.0,40.0,1.0,0,34.0
54.0,44.0,13.0,39.0,1.0,0,34.0
53.0,44.0,13.0,39.0,1.0,0,34.0
53.0,43.0,13.0,39.0,1.0,0,34.0
52.0,42.0,13.0,39.0,1.0,0,34.0
52.0,42.0,13.0,38.0,1.0,0,34.0
51.0,42.0,13.0,38.0,1.0,0,34.0
51.0,41.0,13.0,38.0,1.0,0,34.0
50.0,41.0,13.0,37.0,1.0,0,34.0
50.0,41.0,12.0,37.0,1.0,0,34.0
50.0,39.0,12.0,48.0,1.0,0,34.0
50.0,39.0,12.0,47.0,1.0,0,34.0
49.0,39.0,12.0,47.0,1.0,0,34.0
49.0,39.0,12.0,46.0,1.0,0,34.0
48.0,39.0,12.0,46.0,1.0,0,34.0
48.0,39.0,12.0,46.0,2.0,0,34.0
48.0,38.0,12.0,45.0,2.0,0,34.0
47.0,38.0,12.0,45.0,2.0,0,34.0
47.0,38.0,12.0,45.0,3.0,0,34.0
47.0,38.0,11.0,44.0,2.0,0,34.0
47.0,37.0,12.0,44.0,2.0,0,34.0
46.0,37.0,11.0,44.0,2.0,0,34.0
45.0,36.0,11.0,43.0,2.0,0,34.0
45.0,35.0,11.0,43.0,2.0,0,34.0
45.0,35.0,11.0,42.0,2.0,0,34.0
45.0,35.0,67.0,42.0,2.0,0,34.0
44.0,35.0,30.457960644007155,42.0,2.0,0,34.0
44.0,35.0,78.0,41.0,2.0,0,34.0
43.0,34.0,77.0,41.0,2.0,0,34.0
43.0,34.0,77.0,40.0,2.0,0,34.0
43.0,34.0,77.0,39.0,2.0,0,34.0
43.0,34.0,76.0,39.0,2.0,0,34.0
43.0,33.0,76.0,39.0,2.0,0,34.0
42.0,33.0,75.0,39.0,2.0,0,34.0
41.0,33.0,74.0,39.0,2.0,0,34.0
41.0,32.0,73.0,39.0,2.0,0,34.0
41.0,31.0,73.0,38.0,2.0,0,34.0
40.0,31.0,71.0,38.0,2.0,0,34.0
39.0,31.0,71.0,38.0,2.0,0,34.0
39.0,31.0,71.0,37.0,2.0,0,34.0
39.0,31.0,70.0,37.0,2.0,0,34.0
39.0,30.0,70.0,37.0,2.0,0,34.0
39.0,30.0,69.0,37.0,2.0,0,34.0
39.0,30.0,69.0,36.0,2.0,0,34.0
38.0,30.0,69.0,36.0,2.0,0,34.0
38.0,30.0,68.0,35.0,2.0,0,34.0
38.0,29.0,67.0,35.0,2.0,0,34.0
37.0,29.0,67.0,35.0,2.0,0,34.0
37.0,29.0,66.0,35.0,2.0,0,34.0
37.0,29.0,66.0,34.0,2.0,0,34.0
37.0,28.0,66.0,34.0,2.0,0,34.0
36.0,28.0,65.0,34.0,2.0,0,34.0
36.0,28.0,65.0,34.0,1.0,0,34.0
35.0,28.0,64.0,34.0,1.0,0,34.0
35.0,28.0,63.0,33.0,1.0,0,34.0
35.0,27.0,63.0,33.0,1.0,0,34.0
35.0,27.0,63.0,33.0,2.0,0,34.0
35.0,26.0,62.0,32.0,2.0,0,34.0
34.0,26.0,62.0,32.0,2.0,0,34.0
34.0,26.0,62.0,31.0,2.0,0,34.0
34.0,26.0,61.0,31.0,2.0,0,34.0
33.0,26.0,61.0,31.0,2.0,0,34.0
33.0,25.0,61.0,31.0,2.0,0,34.0
33.0,25.0,60.0,31.0,2.0,0,34.0
33.0,25.0,59.0,30.0,2.0,0,34.0
32.0,25.0,59.0,30.0,2.0,0,34.0
32.0,24.0,59.0,30.0,2.0,0,34.0
31.0,24.0,58.0,30.0,2.0,0,34.0
31.0,24.0,57.0,30.0,2.0,0,34.0
31.0,24.0,57.0,29.0,2.0,0,34.0
31.0,23.0,56.0,29.0,2.0,0,34.0
30.0,23.0,56.0,29.0,2.0,0,34.0
30.0,23.0,56.0,31.0,2.0,0,34.0
30.0,23.0,56.0,30.0,2.0,0,34.0
30.0,23.0,55.0,30.0,1.0,0,34.0
30.0,22.0,55.0,30.0,1.0,0,34.0
29.0,22.0,55.0,30.0,1.0,0,34.0
29.0,22.0,54.0,29.0,2.0,0,34.0
29.0,21.0,53.0,29.0,2.0,0,34.0
28.0,21.0,53.0,29.0,2.0,0,34.0
28.0,21.0,52.0,29.0,2.0,0,34.0
28.0,21.0,52.0,28.0,2.0,0,34.0
28.0,20.0,51.0,28.0,2.0,0,34.0
28.0,20.0,51.0,28.0,1.0,0,34.0
27.0,20.0,51.0,27.0,2.0,0,34.0
27.0,20.0,51.0,27.0,1.0,0,34.0
27.0,20.0,50.0,27.0,1.0,0,34.0
27.0,19.0,50.0,27.0,2.0,0,34.0
26.0,19.0,49.0,27.0,1.0,0,34.0
26.0,19.0,49.0,26.0,2.0,0,34.0
26.0,19.0,49.0,26.0,1.0,0,34.0
25.0,18.0,48.0,26.0,1.0,0,34.0
25.0,18.0,48.0,25.0,1.0,0,34.0
25.0,18.0,47.0,25.0,2.0,0,34.0
25.0,18.0,47.0,25.0,1.0,0,34.0
24.0,18.0,46.0,25.0,2.0,0,34.0
24.0,17.0,46.0,24.0,2.0,0,34.0
24.0,17.0,46.0,24.0,1.0,0,34.0
24.0,17.0,45.0,24.0,1.0,0,34.0
23.0,16.0,44.0,24.0,1.0,0,34.0
22.0,16.0,44.0,23.0,1.0,0,34.0
23.0,16.0,44.0,23.0,1.0,0,34.0
22.0,16.0,43.0,23.0,1.0,0,34.0
22.0,15.0,43.0,23.0,2.0,0,34.0
22.0,15.0,43.0,22.0,1.9713774597495528,0,34.0
22.0,15.0,42.0,22.0,1.9713774597495528,0,34.0
21.0,15.0,42.0,22.0,1.9713774597495528,0,34.0
21.0,15.0,41.0,22.0,1.9713774597495528,0,34.0
21.0,14.0,41.0,28.0,1.9713774597495528,0,34.0
21.0,14.0,41.0,27.0,5.0,0,34.0
21.0,14.0,41.0,27.0,1.9713774597495528,0,34.0
20.0,14.0,41.0,27.0,1.9713774597495528,0,34.0
20.0,14.0,40.0,27.0,1.9713774597495528,0,34.0
20.0,14.0,39.0,27.0,5.0,0,34.0
20.0,14.0,39.0,26.0,5.0,0,34.0
19.0,14.0,39.0,26.0,5.0,0,34.0
19.0,13.0,39.0,26.0,5.0,0,34.0
19.0,13.0,39.0,25.0,5.0,0,34.0
19.0,13.0,39.0,27.0,5.0,0,34.0
19.0,13.0,38.0,27.0,5.0,0,34.0
19.0,13.0,38.0,26.0,5.0,0,34.0
19.0,13.0,37.0,26.0,5.0,0,34.0
18.0,12.0,37.0,26.0,5.0,0,34.0
18.0,12.0,37.0,25.0,4.0,0,34.0
18.0,12.0,36.0,25.0,5.0,0,34.0
18.0,12.0,36.0,25.0,4.0,0,34.0
17.0,12.0,36.0,25.0,4.0,0,34.0
17.0,12.0,35.0,31.0,4.0,0,34.0
17.0,11.0,35.0,31.0,4.0,0,34.0
17.0,11.0,34.0,30.0,4.0,0,34.0
16.0,11.0,35.0,30.0,3.0,0,34.0
16.0,11.0,34.0,30.0,4.0,0,34.0
16.0,11.0,34.0,30.0,3.0,0,34.0
16.0,11.0,33.0,29.0,3.0,0,34.0
16.0,10.0,33.0,29.0,3.0,0,34.0
15.0,10.0,33.0,29.0,3.0,0,34.0
15.0,10.0,32.0,28.0,3.0,0,34.0
15.0,9.0,32.0,28.0,3.0,0,34.0
15.0,9.0,31.0,28.0,3.0,0,34.0
15.0,9.0,31.0,27.0,3.0,0,34.0
14.0,9.0,31.0,28.0,3.0,0,34.0
14.0,9.0,31.0,27.0,3.0,0,34.0
14.0,9.0,30.0,26.0,3.0,0,34.0
14.0,8.0,30.0,26.0,3.0,0,34.0
14.0,8.0,30.0,25.0,3.0,0,34.0
13.0,9.0,30.0,25.0,3.0,0,34.0
13.0,8.0,29.0,25.0,3.0,0,34.0
13.0,9.0,29.0,25.0,3.0,0,34.0
13.0,9.0,29.0,24.0,3.0,0,34.0
13.0,8.0,28.0,24.0,3.0,0,34.0
12.0,7.0,28.0,24.0,3.0,0,34.0
12.0,8.0,28.0,24.0,3.0,0,34.0
12.0,7.0,27.0,24.0,2.0,0,34.0
12.0,7.0,27.0,23.0,3.0,0,34.0
12.0,7.0,28.0,23.0,3.0,0,34.0
12.0,7.0,27.0,23.0,2.0,0,34.0
12.0,7.0,27.0,22.0,3.0,0,34.0
11.0,7.0,27.0,23.0,2.0,0,34.0
11.0,7.0,27.0,22.0,3.0,0,34.0
11.0,7.0,27.0,22.0,2.0,0,34.0
11.0,7.0,26.0,30.0,2.0,0,34.0
11.0,7.0,26.0,30.0,3.0,0,34.0
11.0,7.0,25.0,29.0,2.0,0,34.0
11.0,7.0,26.0,29.0,2.0,0,34.0
10.0,7.0,26.0,28.0,2.0,0,34.0
10.0,6.0,25.0,28.0,2.0,0,34.0
10.0,7.0,25.0,28.0,2.0,0,34.0
10.0,6.0,25.0,29.0,2.0,0,34.0
10.0,6.0,25.0,31.0,2.0,0,34.0
9.0,6.0,25.0,31.0,2.0,0,34.0
9.0,6.0,25.0,30.0,2.0,0,34.0
9.0,6.0,24.0,30.0,2.0,0,34.0
9.0,6.0,25.0,29.0,2.0,0,34.0
9.0,5.0,24.0,29.0,2.0,0,34.0
9.0,5.0,24.0,29.0,3.0,0,34.0
9.0,5.0,24.0,28.0,2.0,0,34.0
8.0,5.0,24.0,28.0,2.0,0,34.0
8.0,5.0,23.0,27.0,2.0,0,34.0
7.0,5.0,23.0,27.0,2.0,0,34.0
7.0,5.0,47.0,27.0,2.0,0,34.0
7.0,5.0,50.0,27.0,2.0,0,34.0
7.0,5.0,49.0,26.0,2.0,0,34.0
7.0,5.0,49.0,27.0,2.0,0,34.0
7.0,5.0,48.0,26.0,2.0,0,34.0
7.0,5.0,48.0,25.0,2.0,0,34.0
7.0,4.0,48.0,25.0,2.0,0,34.0
7.0,4.0,47.0,25.0,2.0,0,34.0
7.0,4.0,46.0,25.0,2.0,0,34.0
7.0,4.0,45.0,24.0,2.0,0,34.0
7.0,4.0,44.0,26.0,2.0,0,34.0
7.0,3.0,43.0,26.0,2.0,0,34.0
7.0,4.0,43.0,25.0,1.0,0,34.0
7.0,3.0,43.0,25.0,1.0,0,34.0
7.0,3.0,43.0,25.0,2.0,0,34.0
7.0,3.0,42.0,25.0,2.0,0,34.0
6.0,3.0,42.0,25.0,2.0,0,34.0
6.0,3.0,41.0,25.0,2.0,0,34.0
6.0,3.0,41.0,24.0,2.0,0,34.0
6.0,3.0,40.0,28.0,2.0,0,34.0
6.0,3.0,39.0,28.0,2.0,0,34.0
6.0,3.0,39.0,27.0,2.0,0,34.0
6.0,3.0,38.0,27.0,2.0,0,34.0
6.0,3.0,38.0,26.0,2.0,0,34.0
5.0,3.0,38.0,25.0,2.0,0,34.0
5.0,3.0,37.0,26.0,2.0,0,34.0
5.0,3.0,37.0,25.0,2.0,0,34.0
5.0,3.0,36.0,25.0,2.0,0,34.0
5.0,3.0,36.0,24.0,2.0,0,34.0
5.0,3.0,35.0,24.0,2.0,0,34.0
5.0,3.0,35.0,25.0,2.0,0,34.0
4.0,3.0,34.0,25.0,2.0,0,34.0
4.0,3.0,34.0,24.0,2.0,0,34.0
4.0,3.0,33.0,24.0,2.0,0,34.0
4.0,3.0,32.0,24.0,2.0,0,34.0
4.0,3.0,32.0,23.0,2.0,0,34.0
4.0,2.0,32.0,23.0,2.0,0,34.0
4.0,2.0,31.0,23.0,2.0,0,34.0
4.0,3.0,31.0,23.0,2.0,0,34.0
4.0,2.0,31.0,22.0,2.0,0,34.0
3.0,2.0,31.0,22.0,2.0,0,34.0
3.0,2.0,31.0,21.0,2.0,0,34.0
3.0,2.0,31.0,21.0,1.0,0,34.0
3.0,2.0,30.0,21.0,1.0,0,34.0
3.0,2.0,30.0,21.0,2.0,0,34.0
3.0,2.0,30.0,20.0,2.0,0,34.0
3.0,2.0,30.0,20.0,1.0,0,34.0
3.0,2.0,29.0,19.0,1.0,0,34.0
3.0,3.0,29.0,20.0,1.0,0,34.0
3.0,2.0,29.0,19.0,2.0,0,34.0
3.0,2.0,28.0,19.0,2.0,0,34.0
3.0,2.0,28.0,18.0,2.0,0,34.0
3.0,2.0,27.0,18.0,1.0,0,34.0
3.0,6.0,27.0,18.0,1.0,0,34.0
3.0,14.0,27.0,18.0,2.0,0,34.0
3.0,14.0,27.0,18.0,3.0,0,34.0
3.0,13.0,27.0,18.0,3.0,0,34.0
3.0,13.0,26.0,17.0,3.0,0,34.0
3.0,13.0,26.0,17.0,2.0,0,34.0
2.0,13.0,26.0,17.0,3.0,0,34.0
2.0,12.0,25.0,17.0,2.0,0,34.0
3.0,12.0,25.0,17.0,2.0,0,34.0
2.0,12.0,25.0,16.0,2.0,0,34.0
2.0,14.0,25.0,16.0,2.0,0,34.0
3.0,14.0,25.0,16.0,2.0,0,34.0
2.0,14.0,24.0,16.0,3.0,0,34.0
2.0,13.0,24.0,15.0,3.0,0,34.0
2.0,13.0,24.0,15.0,2.0,0,34.0
2.0,12.0,23.0,15.0,3.0,0,34.0
2.0,12.0,23.0,15.0,2.0,0,34.0
2.0,12.0,22.0,14.0,2.0,0,34.0
2.0,12.0,22.0,14.0,3.0,0,34.0
2.0,12.0,21.0,14.0,3.0,0,34.0
2.0,11.0,21.0,13.0,3.0,0,34.0
2.0,11.0,24.0,13.0,2.0,0,34.0
2.0,14.0,53.0,13.0,3.0,0,34.0
2.0,15.0,52.0,13.0,3.0,0,34.0
1.0,15.0,51.0,13.0,3.0,0,34.0
2.0,15.0,51.0,13.0,3.0,0,34.0
1.0,15.0,50.0,13.0,3.0,0,34.0
1.0,15.0,50.0,12.0,2.0,0,34.0
1.0,14.0,50.0,12.0,3.0,0,34.0
2.0,14.0,49.0,12.0,3.0,0,34.0
2.0,14.0,49.0,12.0,2.0,0,34.0
2.0,14.0,48.0,12.0,3.0,0,34.0
2.0,16.0,48.0,12.0,2.0,0,34.0
2.0,17.0,48.0,12.0,2.0,0,34.0
2.0,16.0,48.0,12.0,3.0,0,34.0
2.0,16.0,47.0,11.0,2.0,0,34.0
2.0,15.0,47.0,11.0,2.0,0,34.0
2.0,15.0,46.0,11.0,2.0,0,34.0
2.0,25.0,46.0,11.0,2.0,0,34.0
2.0,25.0,45.0,11.0,2.0,0,34.0
2.0,25.0,45.0,11.0,3.0,0,34.0
2.0,24.0,44.0,11.0,3.0,0,34.0
1.0,24.0,44.0,10.0,3.0,0,34.0
2.0,24.0,44.0,10.0,3.0,0,34.0
2.0,24.0,43.0,10.0,3.0,0,34.0
1.0,24.0,43.0,13.0,3.0,0,34.0
2.0,24.0,43.0,14.0,3.0,0,34.0
2.0,23.0,43.0,14.0,3.0,0,34.0
1.0,23.0,42.0,42.0,3.0,0,34.0
1.0,23.0,42.0,41.0,3.0,0,34.0
1.0,22.0,42.0,41.0,3.0,0,34.0
1.0,22.0,41.0,39.0,3.0,0,34.0
1.0,21.0,41.0,39.0,3.0,0,34.0
1.0,21.0,40.0,39.0,3.0,0,34.0
1.0,21.0,39.0,39.0,3.0,0,34.0
1.0,21.0,39.0,38.0,3.0,0,34.0
1.0,20.0,39.0,38.0,2.0,0,34.0
1.0,20.0,39.0,38.0,3.0,0,34.0
1.0,73.0,38.0,37.0,2.0,0,34.0
1.0,112.0,38.0,37.0,2.0,0,34.0
1.0,112.0,38.0,37.0,3.0,0,34.0
1.0,111.0,38.0,37.0,3.0,0,34.0
1.0,110.0,38.0,36.0,3.0,0,34.0
1.0,110.0,37.0,36.0,3.0,0,34.0
1.0,109.0,37.0,36.0,3.0,0,34.0
1.0,108.0,37.0,35.0,3.0,0,34.0
1.0,107.0,37.0,35.0,3.0,0,34.0
1.0,106.0,37.0,35.0,3.0,0,34.0
1.0,106.0,36.0,35.0,3.0,0,34.0
1.0,105.0,36.0,35.0,3.0,0,34.0
1.0,103.0,35.0,35.0,3.0,0,34.0
1.0,103.0,35.0,34.0,3.0,0,34.0
1.0,102.0,35.0,34.0,3.0,0,34.0
1.0,101.0,35.0,34.0,3.0,0,34.0
1.0,100.0,34.0,33.0,3.0,0,34.0
1.0,99.0,34.0,33.0,3.0,0,34.0
1.0,98.0,34.0,32.0,3.0,0,34.0
1.0,98.0,33.0,32.0,3.0,0,34.0
1.0,97.0,33.0,32.0,3.0,0,34.0
1.0,96.0,33.0,31.0,3.0,0,34.0
1.0,95.0,33.0,31.0,3.0,0,34.0
1.0,94.0,32.0,31.0,3.0,0,34.0
0.0,94.0,31.0,31.0,3.0,0,34.0
1.0,93.0,32.0,31.0,3.0,0,34.0
0.0,92.0,31.0,31.0,3.0,0,34.0
1.0,92.0,31.0,30.0,3.0,0,34.0
1.0,91.0,31.0,30.0,3.0,0,34.0
0.0,91.0,31.0,30.0,3.0,0,34.0
0.0,90.0,31.0,30.0,3.0,0,34.0
1.0,90.0,31.0,29.0,3.0,0,34.0
1.0,89.0,30.0,29.0,3.0,0,34.0
0.0,89.0,30.0,29.0,3.0,0,34.0
0.0,88.0,30.0,29.0,3.0,0,34.0
1.0,88.0,30.0,29.0,3.0,0,34.0
1.0,87.0,30.0,28.0,3.0,0,34.0
0.0,87.0,30.0,28.0,3.0,0,34.0
0.0,86.0,30.0,28.0,3.0,0,34.0
0.0,86.0,29.0,28.0,3.0,0,34.0
0.0,85.0,29.0,28.0,3.0,0,34.0
0.0,84.0,29.0,28.0,3.0,0,34.0
0.0,83.0,29.0,46.0,3.0,0,34.0
0.0,83.0,28.0,45.0,3.0,0,34.0
0.0,82.0,28.0,45.0,3.0,0,34.0
0.0,82.0,28.0,44.0,3.0,0,34.0
0.0,81.0,28.0,44.0,3.0,0,34.0
0.0,81.0,28.0,44.0,2.0,0,34.0
0.0,80.0,27.0,43.0,3.0,0,34.0
0.0,79.0,27.0,43.0,3.0,0,34.0
0.0,79.0,27.0,42.0,3.0,0,34.0
0.0,78.0,27.0,42.0,2.0,0,34.0
0.0,78.0,26.0,41.0,2.0,0,34.0
0.0,77.0,26.0,41.0,2.0,0,34.0
0.0,77.0,26.0,41.0,3.0,0,34.0
0.0,76.0,25.0,41.0,2.0,0,34.0
0.0,76.0,26.0,39.0,2.0,0,34.0
0.0,76.0,27.0,39.0,2.0,0,34.0
0.0,75.0,27.0,39.0,2.0,0,34.0
0.0,74.0,27.0,39.0,2.0,0,34.0
0.0,74.0,26.0,39.0,2.0,0,34.0
0.0,73.0,26.0,39.0,2.0,0,34.0
0.0,73.0,25.0,38.0,2.0,0,34.0
0.0,71.0,25.0,38.0,2.0,0,34.0
0.0,71.0,26.0,37.0,2.0,0,34.0
0.0,71.0,25.0,37.0,2.0,0,34.0
0.0,70.0,25.0,37.0,2.0,0,34.0
0.0,69.0,25.0,36.0,2.0,0,34.0
0.0,68.0,25.0,35.0,2.0,0,34.0
0.0,68.0,24.0,35.0,2.0,0,34.0
0.0,67.0,24.0,35.0,2.0,0,34.0
0.0,66.0,24.0,35.0,2.0,0,34.0
0.0,66.0,24.0,34.0,2.0,0,34.0
0.0,65.0,24.0,34.0,2.0,0,34.0
0.0,65.0,23.0,34.0,2.0,0,34.0
0.0,65.0,23.0,33.0,2.0,0,34.0
0.0,64.0,23.0,33.0,2.0,0,34.0
0.0,63.0,23.0,33.0,2.0,0,34.0
0.0,63.0,22.0,33.0,2.0,0,34.0
0.0,63.0,22.0,32.0,1.0,0,34.0
0.0,63.0,22.0,32.0,2.0,0,34.0
0.0,62.0,22.0,31.0,1.0,0,34.0
0.0,62.0,22.0,31.0,2.0,0,34.0
0.0,61.0,23.0,31.0,1.0,0,34.0
0.0,61.0,23.0,31.0,2.0,0,34.0
0.0,60.0,22.0,31.0,1.0,0,34.0
0.0,60.0,22.0,30.0,2.0,0,34.0
0.0,59.0,22.0,30.0,1.0,0,34.0
0.0,58.0,22.0,30.0,1.0,0,34.0
0.0,58.0,21.0,30.0,1.0,0,34.0
0.0,58.0,21.0,29.0,1.0,0,34.0
0.0,57.0,21.0,29.0,1.0,0,34.0
0.0,56.0,21.0,28.0,1.0,0,34.0
0.0,56.0,20.0,28.0,1.0,0,34.0
0.0,55.0,20.0,28.0,1.0,0,34.0
0.0,55.0,19.0,28.0,1.0,0,34.0
0.0,55.0,19.0,27.0,1.0,0,34.0
0.0,54.0,19.0,27.0,1.0,0,34.0
0.0,53.0,19.0,27.0,1.0,0,34.0
0.0,53.0,19.0,26.0,1.0,0,34.0
0.0,52.0,19.0,26.0,1.0,0,34.0
0.0,51.0,19.0,25.0,1.0,0,34.0
0.0,51.0,18.0,25.0,1.0,0,34.0
0.0,50.0,18.0,25.0,1.0,0,34.0
0.0,49.0,18.0,24.0,1.0,0,34.0
0.0,49.0,17.0,24.0,1.0,0,34.0
0.0,48.0,17.0,24.0,1.0,0,34.0
0.0,48.0,17.0,23.0,1.0,0,34.0
0.0,47.0,16.0,23.0,1.0,0,34.0
0.0,47.0,17.0,23.0,1.0,0,34.0
0.0,46.0,16.0,23.0,1.0,0,34.0
0.0,45.0,16.0,22.0,1.0,0,34.0
0.0,45.0,16.0,23.0,1.0,0,34.0
0.0,45.0,15.0,22.0,1.0,0,34.0
0.0,44.0,15.0,22.0,1.0,0,34.0
0.0,44.0,15.0,21.0,1.0,0,34.0
0.0,43.0,15.0,21.0,1.0,0,34.0
0.0,42.0,15.0,21.0,1.0,0,34.0
0.0,42.0,14.0,21.0,1.0,0,34.0
0.0,41.0,14.0,20.0,1.0,0,34.0
0.0,41.0,14.0,19.0,1.0,0,34.0
0.0,40.0,14.0,19.0,1.0,0,34.0
0.0,39.0,14.0,19.0,1.0,0,34.0
0.0,39.0,14.0,20.0,1.0,0,34.0
0.0,39.0,14.0,21.0,1.0,0,34.0
0.0,39.0,13.0,20.0,1.0,0,34.0
0.0,39.0,13.0,21.0,1.0,0,34.0
0.0,38.0,13.0,20.0,1.0,0,34.0
0.0,38.0,13.0,19.0,1.0,0,34.0
0.0,37.0,13.0,19.0,1.0,0,34.0
0.0,37.0,13.0,24.0,1.0,0,34.0
0.0,36.0,13.0,35.0,1.0,0,34.0
0.0,36.0,12.0,34.0,1.0,0,34.0
0.0,35.0,12.0,34.0,1.0,0,34.0
0.0,35.0,12.0,33.0,1.0,0,34.0
0.0,34.0,12.0,32.0,1.0,0,34.0
0.0,34.0,12.0,31.0,1.0,0,34.0
0.0,33.0,12.0,31.0,1.0,0,34.0
0.0,34.0,11.0,31.0,1.0,0,34.0
0.0,33.0,11.0,31.0,1.0,0,34.0
0.0,41.0,11.0,31.0,1.0,0,34.0
0.0,64.0,22.0,30.0,1.0,0,34.0
0.0,63.0,22.0,30.0,1.0,0,34.0
0.0,62.0,22.0,30.0,1.0,0,34.0
0.0,62.0,21.0,30.0,1.0,0,34.0
0.0,62.0,21.0,29.0,1.0,0,34.0
0.0,61.0,21.0,29.0,1.0,0,34.0
0.0,60.0,21.0,29.0,1.0,0,34.0
0.0,60.0,21.0,30.0,1.0,0,34.0
0.0,60.0,21.0,31.0,1.0,0,34.0
0.0,59.0,20.0,30.0,1.0,0,34.0
0.0,58.0,20.0,30.0,1.0,0,34.0
0.0,58.0,19.0,30.0,1.0,0,34.0
0.0,57.0,19.0,29.0,1.0,0,34.0
0.0,56.0,19.0,29.0,1.0,0,34.0
0.0,56.0,19.0,28.0,1.0,0,34.0
0.0,55.0,18.0,28.0,1.0,0,34.0
0.0,54.0,18.0,28.0,1.0,0,34.0
0.0,54.0,18.0,27.0,1.0,0,34.0
0.0,53.0,18.0,27.0,1.0,0,34.0
0.0,53.0,20.0,27.0,1.0,0,34.0
0.0,52.0,20.0,27.0,1.0,0,34.0
0.0,51.0,20.0,27.0,1.0,0,34.0
0.0,51.0,19.0,26.0,1.0,0,34.0
0.0,50.0,19.0,26.0,1.0,0,34.0
0.0,50.0,19.0,25.0,1.0,0,34.0
0.0,50.0,20.0,25.0,1.0,0,34.0
0.0,49.0,21.0,25.0,1.0,0,34.0
0.0,49.0,20.0,25.0,1.0,0,34.0
0.0,48.0,20.0,25.0,1.0,0,34.0
0.0,48.0,20.0,24.0,1.0,0,34.0
0.0,48.0,19.0,24.0,1.0,0,34.0
0.0,47.0,19.0,24.0,1.0,0,34.0
0.0,46.0,19.0,24.0,1.0,0,34.0
0.0,46.0,19.0,25.0,1.0,0,34.0
0.0,46.0,19.0,31.067978533094813,1.0,0,34.0
0.0,45.0,19.0,31.067978533094813,1.0,0,34.0
0.0,45.0,18.0,31.067978533094813,1.0,0,34.0
0.0,44.0,19.0,31.067978533094813,1.0,0,34.0
0.0,44.0,20.0,31.067978533094813,1.0,0,34.0
0.0,43.0,19.0,13.205439703670738,1.0,0,34.0
0.0,42.0,19.0,13.205439703670738,1.0,0,34.0
0.0,42.0,18.0,13.205439703670738,1.0,0,34.0
0.0,41.0,18.0,13.205439703670738,1.0,0,34.0
0.0,41.0,18.0,13.205439703670738,1.0,0,34.0
0.0,40.0,18.0,13.205439703670738,1.0,0,34.0
0.0,39.0,18.0,13.205439703670738,1.0,0,34.0
0.0,39.0,17.0,13.205439703670738,1.0,0,34.0
0.0,39.0,17.0,13.205439703670738,1.0,0,34.0
0.0,39.0,17.0,13.205439703670738,1.0,0,34.0
0.0,38.0,17.0,13.205439703670738,1.0,0,34.0
0.0,38.0,17.0,13.205439703670738,1.0,0,34.0
0.0,38.0,16.0,13.205439703670738,1.0,0,34.0
0.0,38.0,16.0,13.205439703670738,1.0,0,34.0
0.0,37.0,16.0,13.205439703670738,1.0,0,34.0
0.0,37.0,16.0,13.205439703670738,1.0,0,34.0
0.0,36.0,15.0,13.205439703670738,1.0,0,34.0
0.0,35.0,15.0,13.205439703670738,1.0,0,34.0
0.0,35.0,15.0,13.205439703670738,1.0,0,34.0
0.0,35.0,15.0,13.205439703670738,0.0,0,34.0
0.0,34.0,15.0,13.205439703670738,1.0,0,34.0
0.0,34.0,15.0,13.205439703670738,1.0,0,34.0
0.0,34.0,15.0,13.205439703670738,0.0,0,34.0
0.0,33.0,14.0,13.205439703670738,1.0,0,34.0
0.0,33.0,14.0,13.205439703670738,2.0,0,34.0
0.0,33.0,14.0,13.205439703670738,2.0,0,34.0
0.0,32.0,14.0,13.205439703670738,2.0,0,34.0
0.0,32.0,14.0,13.205439703670738,2.0,0,34.0
0.0,31.0,14.0,13.205439703670738,2.0,0,34.0
0.0,31.0,14.0,13.205439703670738,1.0,0,34.0
0.0,31.0,14.0,55.0,2.0,0,34.0
0.0,31.0,13.0,54.0,2.0,0,34.0
0.0,31.0,13.0,54.0,1.0,0,34.0
0.0,30.0,14.0,54.0,2.0,0,34.0
0.0,30.0,13.0,54.0,2.0,0,34.0
0.0,30.0,13.0,53.0,2.0,0,34.0
0.0,30.0,13.0,53.0,1.0,0,34.0
0.0,29.0,13.0,52.0,1.0,0,34.0
0.0,29.0,13.0,51.0,1.0,0,34.0
0.0,29.0,12.0,51.0,1.0,0,34.0
0.0,29.0,12.0,51.0,2.0,0,34.0
0.0,28.0,12.0,51.0,1.0,0,34.0
0.0,28.0,12.0,50.0,1.0,0,34.0
0.0,28.0,12.0,50.0,2.0,0,34.0
0.0,27.0,12.0,49.0,1.0,0,34.0
0.0,28.0,12.0,49.0,1.0,0,34.0
0.0,27.0,12.0,49.0,2.0,0,34.0
0.0,27.0,12.0,48.0,1.0,0,34.0
0.0,27.0,12.0,48.0,2.0,0,34.0
0.0,27.0,11.0,48.0,1.0,0,34.0
0.0,26.0,11.0,48.0,1.0,0,34.0
0.0,26.0,11.0,47.0,1.0,0,34.0
0.0,26.0,11.0,46.0,1.0,0,34.0
0.0,25.0,11.0,46.0,2.0,0,34.0
123.0,25.0,18.0,2.0,2.0,0,34.0
124.0,25.0,18.0,2.0,2.0,0,34.0
124.0,24.0,18.0,2.0,2.0,0,34.0
123.0,24.0,18.0,2.0,2.0,0,34.0
123.0,24.0,18.0,1.0,1.0,0,34.0
121.0,24.0,18.0,1.0,1.0,0,34.0
121.0,24.0,17.0,1.0,1.0,0,34.0
120.0,24.0,17.0,1.0,1.0,0,34.0
119.0,23.0,17.0,2.0,2.0,0,34.0
118.0,23.0,17.0,2.0,2.0,0,34.0
117.0,23.0,17.0,2.0,2.0,0,34.0
117.0,22.0,17.0,2.0,2.0,0,34.0
120.0,22.0,17.0,2.0,2.0,0,34.0
119.0,22.0,16.0,1.0,1.0,0,34.0
118.0,22.0,16.0,1.0,1.0,0,34.0
117.0,22.0,16.0,1.0,1.0,0,34.0
117.0,22.0,16.0,2.0,2.0,0,34.0
115.0,21.0,16.0,1.0,1.0,0,34.0
114.0,21.0,15.0,1.0,1.0,0,34.0
113.0,21.0,15.0,1.0,1.0,0,34.0
112.0,21.0,15.0,2.0,2.0,0,34.0
112.0,20.0,15.0,1.0,1.0,0,34.0
142.0,20.0,15.0,1.0,1.0,0,34.0
141.0,20.0,15.0,1.0,1.0,0,34.0
140.0,20.0,15.0,1.0,1.0,0,34.0
139.0,20.0,15.0,1.0,1.0,0,34.0
138.0,19.0,15.0,1.0,1.0,0,34.0
137.0,19.0,15.0,1.0,1.0,0,34.0
135.0,19.0,15.0,1.0,1.0,0,34.0
134.0,19.0,15.0,1.0,1.0,0,34.0
134.0,19.0,14.0,1.0,1.0,0,34.0
133.0,19.0,14.0,1.0,1.0,0,34.0
132.0,19.0,14.0,1.0,1.0,0,34.0
131.0,18.0,14.0,1.0,1.0,0,34.0
134.0,18.0,14.0,1.0,1.0,0,34.0
133.0,18.0,14.0,1.0,1.0,0,34.0
132.0,18.0,14.0,1.0,1.0,0,34.0
130.0,18.0,14.0,1.0,1.0,0,34.0
129.0,17.0,14.0,1.0,1.0,0,34.0
128.0,17.0,14.0,1.0,1.0,0,34.0
127.0,17.0,13.0,1.0,1.0,0,34.0
126.0,17.0,13.0,1.0,1.0,0,34.0
125.0,16.0,13.0,1.0,1.0,0,34.0
134.0,16.0,13.0,1.0,1.0,0,34.0
140.0,16.0,13.0,1.0,1.0,0,34.0
140.0,17.0,13.0,1.0,1.0,0,34.0
138.0,17.0,13.0,1.0,1.0,0,34.0
137.0,17.0,13.0,1.0,1.0,0,34.0
135.0,17.0,13.0,1.0,1.0,0,34.0
135.0,16.0,12.0,1.0,1.0,0,34.0
134.0,16.0,12.0,1.0,1.0,0,34.0
133.0,16.0,12.0,1.0,1.0,0,34.0
132.0,16.0,12.0,1.0,1.0,0,34.0
131.0,15.0,12.0,1.0,1.0,0,34.0
131.0,16.0,12.0,1.0,1.0,0,34.0
130.0,16.0,12.0,1.0,1.0,0,34.0
129.0,16.0,12.0,1.0,1.0,0,34.0
128.0,20.0,12.0,2.0,2.0,0,34.0
127.0,19.0,12.0,2.0,2.0,0,34.0
126.0,19.0,12.0,2.0,2.0,0,34.0
126.0,19.0,12.0,3.0,3.0,0,34.0
125.0,19.0,11.0,2.0,2.0,0,34.0
125.0,19.0,12.0,2.0,2.0,0,34.0
124.0,19.0,11.0,2.0,2.0,0,34.0
123.0,18.0,11.0,2.0,2.0,0,34.0
122.0,18.0,11.0,2.0,2.0,0,34.0
121.0,18.0,11.0,2.0,2.0,0,34.0
120.0,18.0,11.0,2.0,2.0,0,34.0
120.0,17.0,11.0,2.0,2.0,0,34.0
120.0,17.0,67.0,2.0,2.0,0,34.0
118.0,17.0,29.882596685082873,2.0,2.0,0,34.0
117.0,17.0,29.882596685082873,2.0,2.0,0,34.0
116.0,17.0,29.882596685082873,2.0,2.0,0,34.0
115.0,16.0,29.882596685082873,2.0,2.0,0,34.0
114.0,16.0,29.882596685082873,2.0,2.0,0,34.0
115.0,16.0,75.0,2.0,2.0,0,34.0
114.0,15.0,75.0,2.0,2.0,0,34.0
113.0,15.0,74.0,2.0,2.0,0,34.0
112.0,15.0,73.0,2.0,2.0,0,34.0
111.0,15.0,73.0,2.0,2.0,0,34.0
110.0,15.0,71.0,2.0,2.0,0,34.0
109.0,15.0,71.0,2.0,2.0,0,34.0
108.0,14.0,71.0,2.0,2.0,0,34.0
108.0,14.0,70.0,2.0,2.0,0,34.0
107.0,14.0,69.0,2.0,2.0,0,34.0
106.0,14.0,69.0,2.0,2.0,0,34.0
106.0,13.0,68.0,2.0,2.0,0,34.0
105.0,13.0,68.0,2.0,2.0,0,34.0
105.0,13.0,67.0,2.0,2.0,0,34.0
103.0,13.0,67.0,2.0,2.0,0,34.0
103.0,13.0,66.0,2.0,2.0,0,34.0
102.0,13.0,66.0,2.0,2.0,0,34.0
101.0,13.0,65.0,2.0,2.0,0,34.0
101.0,12.0,65.0,2.0,2.0,0,34.0
100.0,13.0,65.0,1.0,1.0,0,34.0
100.0,13.0,65.0,2.0,2.0,0,34.0
99.0,13.0,64.0,1.0,1.0,0,34.0
99.0,12.0,63.0,1.0,1.0,0,34.0
98.0,12.0,63.0,1.0,1.0,0,34.0
98.0,12.0,63.0,2.0,2.0,0,34.0
97.0,12.0,63.0,2.0,2.0,0,34.0
97.0,12.0,62.0,2.0,2.0,0,34.0
96.0,12.0,62.0,2.0,2.0,0,34.0
96.0,12.0,61.0,2.0,2.0,0,34.0
97.0,12.0,61.0,2.0,2.0,0,34.0
96.0,11.0,61.0,2.0,2.0,0,34.0
95.0,11.0,60.0,2.0,2.0,0,34.0
94.0,11.0,60.0,2.0,2.0,0,34.0
93.0,11.0,59.0,2.0,2.0,0,34.0
92.0,11.0,58.0,2.0,2.0,0,34.0
92.0,10.0,58.0,2.0,2.0,0,34.0
91.0,11.0,57.0,2.0,2.0,0,34.0
99.0,11.0,57.0,2.0,2.0,0,34.0
99.0,12.0,57.0,2.0,2.0,0,34.0
98.0,14.0,56.0,2.0,2.0,0,34.0
97.0,13.0,56.0,2.0,2.0,0,34.0
96.0,13.0,56.0,2.0,2.0,0,34.0
96.0,13.0,55.0,1.0,1.0,0,34.0
95.0,13.0,55.0,1.0,1.0,0,34.0
94.0,13.0,54.0,2.0,2.0,0,34.0
93.0,12.0,54.0,2.0,2.0,0,34.0
93.0,13.0,54.0,2.0,2.0,0,34.0
102.0,12.0,54.0,2.0,2.0,0,34.0
108.0,12.0,53.0,2.0,2.0,0,34.0
107.0,13.0,53.0,2.0,2.0,0,34.0
106.0,13.0,52.0,2.0,2.0,0,34.0
105.0,13.0,52.0,2.0,2.0,0,34.0
105.0,13.0,51.0,2.0,2.0,0,34.0
103.0,12.0,51.0,1.0,1.0,0,34.0
103.0,12.0,51.0,2.0,2.0,0,34.0
102.0,12.0,51.0,1.0,1.0,0,34.0
102.0,12.0,50.0,1.0,1.0,0,34.0
101.0,12.0,50.0,2.0,2.0,0,34.0
114.0,12.0,50.0,2.0,2.0,0,34.0
114.0,12.0,49.0,1.0,1.0,0,34.0
113.0,12.0,49.0,2.0,2.0,0,34.0
112.0,12.0,49.0,1.0,1.0,0,34.0
112.0,12.0,49.0,2.0,2.0,0,34.0
111.0,12.0,49.0,1.0,1.0,0,34.0
111.0,12.0,48.0,1.0,1.0,0,34.0
110.0,12.0,48.0,1.0,1.0,0,34.0
109.0,12.0,48.0,1.0,1.0,0,34.0
108.0,11.0,48.0,1.0,1.0,0,34.0
108.0,11.0,47.0,2.0,2.0,0,34.0
107.0,11.0,47.0,1.0,1.0,0,34.0
121.0,11.0,47.0,1.0,1.0,0,34.0
120.0,11.0,46.0,2.0,2.0,0,34.0
118.0,12.0,46.0,1.0,1.0,0,34.0
117.0,11.0,46.0,1.0,1.0,0,34.0
116.0,11.0,46.0,1.0,1.0,0,34.0
115.0,11.0,45.0,1.0,1.0,0,34.0
114.0,11.0,45.0,1.0,1.0,0,34.0
113.0,11.0,44.0,1.0,1.0,0,34.0
112.0,11.0,44.0,1.0,1.0,0,34.0
119.0,11.0,44.0,1.0,1.0,0,34.0
118.0,10.0,44.0,1.0,1.0,0,34.0
117.0,11.0,43.0,1.0,1.0,0,34.0
117.0,11.0,43.0,2.0,2.0,0,34.0
116.0,11.0,43.0,1.979281767955801,1.979281767955801,0,34.0
115.0,11.0,43.0,1.979281767955801,1.979281767955801,0,34.0
114.0,11.0,42.0,1.979281767955801,1.979281767955801,0,34.0
113.0,11.0,42.0,1.979281767955801,1.979281767955801,0,34.0
113.0,10.0,42.0,1.979281767955801,1.979281767955801,0,34.0
112.0,10.0,42.0,1.979281767955801,1.979281767955801,0,34.0
112.0,10.0,41.0,1.979281767955801,1.979281767955801,0,34.0
111.0,10.0,41.0,1.979281767955801,1.979281767955801,0,34.0
110.0,10.0,41.0,1.979281767955801,1.979281767955801,0,34.0
115.0,10.0,41.0,5.0,5.0,0,34.0
114.0,10.0,41.0,1.979281767955801,1.979281767955801,0,34.0
113.0,10.0,41.0,1.979281767955801,1.979281767955801,0,34.0
113.0,9.0,40.0,1.979281767955801,1.979281767955801,0,34.0
112.0,9.0,39.0,5.0,5.0,0,34.0
111.0,9.0,39.0,5.0,5.0,0,34.0
110.0,9.0,39.0,5.0,5.0,0,34.0
109.0,9.0,39.0,5.0,5.0,0,34.0
108.0,9.0,39.0,5.0,5.0,0,34.0
107.0,9.0,39.0,5.0,5.0,0,34.0
114.0,9.0,38.0,5.0,5.0,0,34.0
113.0,9.0,38.0,5.0,5.0,0,34.0
112.0,10.0,38.0,5.0,5.0,0,34.0
112.0,9.0,38.0,5.0,5.0,0,34.0
111.0,10.0,37.0,5.0,5.0,0,34.0
111.0,9.0,37.0,5.0,5.0,0,34.0
110.0,9.0,37.0,5.0,5.0,0,34.0
109.0,9.0,37.0,4.0,4.0,0,34.0
108.0,9.0,36.0,5.0,5.0,0,34.0
108.0,9.0,36.0,4.0,4.0,0,34.0
107.0,9.0,36.0,4.0,4.0,0,34.0
106.0,9.0,35.0,4.0,4.0,0,34.0
113.0,9.0,35.0,4.0,4.0,0,34.0
112.0,9.0,35.0,4.0,4.0,0,34.0
111.0,9.0,35.0,4.0,4.0,0,34.0
110.0,9.0,35.0,4.0,4.0,0,34.0
109.0,9.0,34.0,4.0,4.0,0,34.0
109.0,9.0,35.0,3.0,3.0,0,34.0
108.0,9.0,34.0,4.0,4.0,0,34.0
107.0,9.0,34.0,4.0,4.0,0,34.0
107.0,9.0,34.0,3.0,3.0,0,34.0
106.0,9.0,34.0,3.0,3.0,0,34.0
106.0,9.0,33.0,3.0,3.0,0,34.0
105.0,9.0,33.0,3.0,3.0,0,34.0
105.0,7.0,33.0,3.0,3.0,0,34.0
103.0,8.0,33.0,3.0,3.0,0,34.0
103.0,11.0,33.0,3.0,3.0,0,34.0
103.0,11.0,32.0,3.0,3.0,0,34.0
102.0,11.0,32.0,3.0,3.0,0,34.0
102.0,11.0,31.0,3.0,3.0,0,34.0
101.0,10.0,31.0,3.0,3.0,0,34.0
100.0,10.0,31.0,3.0,3.0,0,34.0
99.0,10.0,31.0,3.0,3.0,0,34.0
98.0,10.0,31.0,3.0,3.0,0,34.0
106.0,12.0,31.0,3.0,3.0,0,34.0
105.0,13.0,30.0,3.0,3.0,0,34.0
105.0,16.0,30.0,3.0,3.0,0,34.0
103.0,16.0,30.0,3.0,3.0,0,34.0
103.0,15.0,30.0,3.0,3.0,0,34.0
102.0,15.0,30.0,3.0,3.0,0,34.0
101.0,15.0,29.0,3.0,3.0,0,34.0
100.0,15.0,29.0,3.0,3.0,0,34.0
99.0,15.0,29.0,3.0,3.0,0,34.0
99.0,14.0,29.0,3.0,3.0,0,34.0
120.0,14.0,29.0,3.0,3.0,0,34.0
119.0,15.0,29.0,3.0,3.0,0,34.0
119.0,15.0,28.0,3.0,3.0,0,34.0
118.0,15.0,28.0,3.0,3.0,0,34.0
117.0,15.0,28.0,3.0,3.0,0,34.0
116.0,14.0,28.0,3.0,3.0,0,34.0
115.0,14.0,28.0,3.0,3.0,0,34.0
114.0,14.0,27.0,2.0,2.0,0,34.0
114.0,14.0,27.0,3.0,3.0,0,34.0
113.0,14.0,28.0,3.0,3.0,0,34.0
112.0,14.0,27.0,2.0,2.0,0,34.0
112.0,14.0,27.0,3.0,3.0,0,34.0
115.0,13.0,27.0,3.0,3.0,0,34.0
115.0,15.0,27.0,2.0,2.0,0,34.0
114.0,15.0,27.0,3.0,3.0,0,34.0
113.0,15.0,27.0,2.0,2.0,0,34.0
113.0,15.0,26.0,2.0,2.0,0,34.0
112.0,14.0,26.0,2.0,2.0,0,34.0
111.0,14.0,26.0,2.0,2.0,0,34.0
111.0,14.0,26.0,3.0,3.0,0,34.0
110.0,14.0,26.0,2.0,2.0,0,34.0
109.0,14.0,25.0,2.0,2.0,0,34.0
109.0,14.0,26.0,2.0,2.0,0,34.0
108.0,13.0,26.0,2.0,2.0,0,34.0
109.0,13.0,26.0,2.0,2.0,0,34.0
107.0,14.0,26.0,2.0,2.0,0,34.0
107.0,14.0,25.0,2.0,2.0,0,34.0
106.0,14.0,25.0,2.0,2.0,0,34.0
106.0,13.0,25.0,2.0,2.0,0,34.0
105.0,13.0,25.0,2.0,2.0,0,34.0
103.0,13.0,25.0,2.0,2.0,0,34.0
102.0,12.0,24.0,2.0,2.0,0,34.0
107.0,12.0,24.0,2.0,2.0,0,34.0
106.0,12.0,24.0,2.0,2.0,0,34.0
105.0,12.0,24.0,2.0,2.0,0,34.0
105.0,12.0,25.0,2.0,2.0,0,34.0
103.0,12.0,24.0,2.0,2.0,0,34.0
103.0,12.0,24.0,3.0,3.0,0,34.0
101.0,11.0,24.0,2.0,2.0,0,34.0
100.0,11.0,24.0,2.0,2.0,0,34.0
111.0,11.0,24.0,2.0,2.0,0,34.0
110.0,11.0,23.0,2.0,2.0,0,34.0
109.0,11.0,23.0,2.0,2.0,0,34.0
108.0,11.0,23.0,2.0,2.0,0,34.0
107.0,11.0,50.0,2.0,2.0,0,34.0
107.0,11.0,49.0,2.0,2.0,0,34.0
105.0,10.0,49.0,2.0,2.0,0,34.0
103.0,10.0,48.0,2.0,2.0,0,34.0
103.0,10.0,47.0,2.0,2.0,0,34.0
103.0,9.0,47.0,2.0,2.0,0,34.0
103.0,10.0,46.0,2.0,2.0,0,34.0
102.0,10.0,46.0,2.0,2.0,0,34.0
101.0,10.0,46.0,2.0,2.0,0,34.0
101.0,9.0,46.0,2.0,2.0,0,34.0
100.0,9.0,46.0,2.0,2.0,0,34.0
100.0,9.0,45.0,2.0,2.0,0,34.0
99.0,9.0,45.0,2.0,2.0,0,34.0
98.0,9.0,45.0,2.0,2.0,0,34.0
98.0,9.0,44.0,2.0,2.0,0,34.0
97.0,9.0,44.0,2.0,2.0,0,34.0
102.0,9.0,44.0,2.0,2.0,0,34.0
111.0,9.0,44.0,2.0,2.0,0,34.0
111.0,9.0,43.0,2.0,2.0,0,34.0
110.0,11.0,43.0,1.0,1.0,0,34.0
109.0,11.0,43.0,1.0,1.0,0,34.0
109.0,10.0,43.0,2.0,2.0,0,34.0
108.0,10.0,42.0,2.0,2.0,0,34.0
107.0,10.0,42.0,2.0,2.0,0,34.0
107.0,10.0,41.0,2.0,2.0,0,34.0
106.0,10.0,41.0,2.0,2.0,0,34.0
105.0,10.0,41.0,2.0,2.0,0,34.0
103.0,9.0,41.0,2.0,2.0,0,34.0
103.0,10.0,41.0,2.0,2.0,0,34.0
116.0,10.0,40.0,2.0,2.0,0,34.0
140.0,14.0,39.0,2.0,2.0,0,34.0
139.0,17.0,39.0,2.0,2.0,0,34.0
138.0,22.0,39.0,2.0,2.0,0,34.0
137.0,21.0,39.0,2.0,2.0,0,34.0
135.0,21.0,39.0,2.0,2.0,0,34.0
134.0,21.0,39.0,2.0,2.0,0,34.0
133.0,20.0,39.0,2.0,2.0,0,34.0
132.0,20.0,38.0,2.0,2.0,0,34.0
131.0,20.0,38.0,2.0,2.0,0,34.0
131.0,19.0,38.0,2.0,2.0,0,34.0
130.0,25.0,38.0,2.0,2.0,0,34.0
130.0,28.0,38.0,2.0,2.0,0,34.0
129.0,29.0,37.0,2.0,2.0,0,34.0
128.0,14.929558011049723,37.0,2.0,2.0,0,34.0
127.0,14.929558011049723,37.0,2.0,2.0,0,34.0
125.0,14.929558011049723,37.0,2.0,2.0,0,34.0
124.0,14.929558011049723,36.0,2.0,2.0,0,34.0
123.0,14.929558011049723,36.0,2.0,2.0,0,34.0
123.0,14.929558011049723,35.0,2.0,2.0,0,34.0
121.0,14.929558011049723,35.0,2.0,2.0,0,34.0
122.0,14.929558011049723,35.0,2.0,2.0,0,34.0
120.0,14.929558011049723,35.0,2.0,2.0,0,34.0
119.0,14.929558011049723,34.0,2.0,2.0,0,34.0
118.0,14.929558011049723,34.0,2.0,2.0,0,34.0
117.0,14.929558011049723,34.0,2.0,2.0,0,34.0
116.0,14.929558011049723,34.0,2.0,2.0,0,34.0
115.0,14.929558011049723,33.0,2.0,2.0,0,34.0
114.0,29.0,33.0,2.0,2.0,0,34.0
113.0,29.0,32.0,2.0,2.0,0,34.0
112.0,29.0,32.0,2.0,2.0,0,34.0
111.0,28.0,31.0,2.0,2.0,0,34.0
110.0,28.0,31.0,2.0,2.0,0,34.0
109.0,28.0,31.0,2.0,2.0,0,34.0
108.0,28.0,31.0,2.0,2.0,0,34.0
108.0,27.0,31.0,2.0,2.0,0,34.0
107.0,27.0,31.0,2.0,2.0,0,34.0
109.0,27.0,31.0,2.0,2.0,0,34.0
107.0,26.0,31.0,1.0,1.0,0,34.0
107.0,26.0,31.0,2.0,2.0,0,34.0
106.0,26.0,31.0,1.0,1.0,0,34.0
105.0,26.0,30.0,1.0,1.0,0,34.0
105.0,25.0,30.0,2.0,2.0,0,34.0
103.0,25.0,30.0,2.0,2.0,0,34.0
103.0,25.0,30.0,1.0,1.0,0,34.0
102.0,25.0,30.0,1.0,1.0,0,34.0
102.0,24.0,29.0,1.0,1.0,0,34.0
107.0,24.0,29.0,1.0,1.0,0,34.0
106.0,24.0,29.0,1.0,1.0,0,34.0
105.0,24.0,29.0,2.0,2.0,0,34.0
103.0,24.0,29.0,2.0,2.0,0,34.0
103.0,24.0,28.0,2.0,2.0,0,34.0
102.0,24.0,28.0,2.0,2.0,0,34.0
102.0,23.0,28.0,2.0,2.0,0,34.0
101.0,23.0,28.0,2.0,2.0,0,34.0
100.0,22.0,28.0,2.0,2.0,0,34.0
99.0,22.0,27.0,1.0,1.0,0,34.0
101.0,22.0,27.0,1.0,1.0,0,34.0
121.0,22.0,27.0,1.0,1.0,0,34.0
120.0,22.0,27.0,1.0,1.0,0,34.0
120.0,22.0,27.0,2.0,2.0,0,34.0
119.0,23.0,27.0,3.0,3.0,0,34.0
118.0,22.0,27.0,3.0,3.0,0,34.0
117.0,22.0,26.0,3.0,3.0,0,34.0
117.0,22.0,26.0,2.0,2.0,0,34.0
116.0,22.0,26.0,2.0,2.0,0,34.0
115.0,21.0,26.0,3.0,3.0,0,34.0
114.0,21.0,25.0,2.0,2.0,0,34.0
113.0,21.0,25.0,2.0,2.0,0,34.0
117.0,21.0,25.0,2.0,2.0,0,34.0
122.0,21.0,25.0,2.0,2.0,0,34.0
121.0,20.0,25.0,2.0,2.0,0,34.0
120.0,20.0,25.0,2.0,2.0,0,34.0
120.0,20.0,24.0,3.0,3.0,0,34.0
119.0,20.0,24.0,3.0,3.0,0,34.0
118.0,19.0,24.0,3.0,3.0,0,34.0
117.0,19.0,24.0,3.0,3.0,0,34.0
116.0,19.0,24.0,3.0,3.0,0,34.0
115.0,19.0,24.0,3.0,3.0,0,34.0
114.0,19.0,24.0,3.0,3.0,0,34.0
116.0,19.0,24.0,2.0,2.0,0,34.0
115.0,18.0,23.0,3.0,3.0,0,34.0
115.0,18.0,23.0,2.0,2.0,0,34.0
114.0,18.0,23.0,2.0,2.0,0,34.0
113.0,18.0,22.0,2.0,2.0,0,34.0
112.0,18.0,23.0,2.0,2.0,0,34.0
112.0,18.0,22.0,3.0,3.0,0,34.0
112.0,17.0,22.0,3.0,3.0,0,34.0
111.0,17.0,22.0,3.0,3.0,0,34.0
110.0,17.0,22.0,3.0,3.0,0,34.0
109.0,17.0,22.0,3.0,3.0,0,34.0
108.0,17.0,22.0,3.0,3.0,0,34.0
108.0,16.0,21.0,3.0,3.0,0,34.0
107.0,16.0,22.0,2.0,2.0,0,34.0
107.0,16.0,21.0,3.0,3.0,0,34.0
106.0,16.0,21.0,3.0,3.0,0,34.0
105.0,16.0,21.0,3.0,3.0,0,34.0
105.0,15.0,24.0,2.0,2.0,0,34.0
103.0,15.0,53.0,3.0,3.0,0,34.0
103.0,15.0,52.0,3.0,3.0,0,34.0
102.0,15.0,51.0,3.0,3.0,0,34.0
122.0,15.0,51.0,3.0,3.0,0,34.0
121.0,15.0,51.0,3.0,3.0,0,34.0
121.0,14.0,51.0,3.0,3.0,0,34.0
120.0,14.0,50.0,3.0,3.0,0,34.0
120.0,14.0,50.0,2.0,2.0,0,34.0
119.0,14.0,50.0,3.0,3.0,0,34.0
118.0,14.0,49.0,3.0,3.0,0,34.0
117.0,14.0,49.0,3.0,3.0,0,34.0
116.0,14.0,49.0,2.0,2.0,0,34.0
115.0,14.0,48.0,3.0,3.0,0,34.0
115.0,14.0,48.0,2.0,2.0,0,34.0
115.0,13.0,48.0,2.0,2.0,0,34.0
114.0,13.0,48.0,2.0,2.0,0,34.0
113.0,13.0,48.0,3.0,3.0,0,34.0
113.0,13.0,47.0,2.0,2.0,0,34.0
112.0,13.0,47.0,2.0,2.0,0,34.0
111.0,14.0,47.0,2.0,2.0,0,34.0
110.0,14.0,46.0,2.0,2.0,0,34.0
110.0,13.0,46.0,2.0,2.0,0,34.0
109.0,13.0,46.0,2.0,2.0,0,34.0
108.0,13.0,45.0,2.0,2.0,0,34.0
107.0,13.0,45.0,3.0,3.0,0,34.0
107.0,12.0,45.0,3.0,3.0,0,34.0
107.0,12.0,44.0,3.0,3.0,0,34.0
118.0,12.0,44.0,3.0,3.0,0,34.0
117.0,12.0,44.0,3.0,3.0,0,34.0
118.0,13.0,44.0,3.0,3.0,0,34.0
117.0,13.0,44.0,3.0,3.0,0,34.0
116.0,13.0,43.0,3.0,3.0,0,34.0
115.0,13.0,43.0,3.0,3.0,0,34.0
115.0,12.0,43.0,3.0,3.0,0,34.0
114.0,12.0,43.0,3.0,3.0,0,34.0
113.0,12.0,42.0,3.0,3.0,0,34.0
112.0,12.0,42.0,3.0,3.0,0,34.0
111.0,12.0,41.0,3.0,3.0,0,34.0
126.0,12.0,41.0,3.0,3.0,0,34.0
112.23895027624309,12.0,41.0,3.0,3.0,0,34.0
112.23895027624309,13.0,41.0,3.0,3.0,0,34.0
142.0,13.0,40.0,3.0,3.0,0,34.0
141.0,13.0,39.0,3.0,3.0,0,34.0
140.0,12.0,39.0,3.0,3.0,0,34.0
139.0,12.0,39.0,3.0,3.0,0,34.0
138.0,12.0,39.0,2.0,2.0,0,34.0
137.0,12.0,39.0,3.0,3.0,0,34.0
137.0,12.0,39.0,2.0,2.0,0,34.0
135.0,12.0,39.0,2.0,2.0,0,34.0
135.0,12.0,38.0,2.0,2.0,0,34.0
135.0,11.0,38.0,2.0,2.0,0,34.0
134.0,12.0,38.0,3.0,3.0,0,34.0
133.0,22.0,38.0,3.0,3.0,0,34.0
132.0,22.0,38.0,3.0,3.0,0,34.0
131.0,21.0,37.0,3.0,3.0,0,34.0
130.0,21.0,37.0,3.0,3.0,0,34.0
129.0,21.0,37.0,3.0,3.0,0,34.0
128.0,20.0,37.0,3.0,3.0,0,34.0
127.0,20.0,36.0,3.0,3.0,0,34.0
126.0,20.0,36.0,3.0,3.0,0,34.0
128.0,20.0,35.0,3.0,3.0,0,34.0
127.0,19.0,35.0,3.0,3.0,0,34.0
127.0,20.0,35.0,3.0,3.0,0,34.0
126.0,21.0,35.0,3.0,3.0,0,34.0
125.0,21.0,35.0,3.0,3.0,0,34.0
124.0,21.0,35.0,3.0,3.0,0,34.0
124.0,20.0,34.0,3.0,3.0,0,34.0
123.0,20.0,34.0,3.0,3.0,0,34.0
122.0,20.0,34.0,3.0,3.0,0,34.0
121.0,20.0,34.0,3.0,3.0,0,34.0
120.0,19.0,33.0,3.0,3.0,0,34.0
123.0,19.0,33.0,3.0,3.0,0,34.0
122.0,19.0,33.0,3.0,3.0,0,34.0
121.0,19.0,33.0,3.0,3.0,0,34.0
119.0,19.0,32.0,3.0,3.0,0,34.0
118.0,19.0,31.0,3.0,3.0,0,34.0
118.0,18.0,32.0,3.0,3.0,0,34.0
117.0,18.0,31.0,3.0,3.0,0,34.0
116.0,18.0,31.0,3.0,3.0,0,34.0
115.0,18.0,31.0,3.0,3.0,0,34.0
115.0,17.0,31.0,3.0,3.0,0,34.0
114.0,18.0,30.0,3.0,3.0,0,34.0
113.0,19.0,30.0,3.0,3.0,0,34.0
112.0,18.0,30.0,3.0,3.0,0,34.0
111.0,18.0,30.0,3.0,3.0,0,34.0
110.0,17.0,30.0,3.0,3.0,0,34.0
110.0,18.0,30.0,3.0,3.0,0,34.0
109.0,17.0,29.0,3.0,3.0,0,34.0
108.0,17.0,29.0,3.0,3.0,0,34.0
108.0,17.0,28.0,3.0,3.0,0,34.0
107.0,17.0,28.0,3.0,3.0,0,34.0
106.0,16.0,28.0,3.0,3.0,0,34.0
105.0,16.0,28.0,3.0,3.0,0,34.0
103.0,16.0,28.0,2.0,2.0,0,34.0
103.0,16.0,28.0,3.0,3.0,0,34.0
103.0,15.0,27.0,3.0,3.0,0,34.0
102.0,15.0,27.0,3.0,3.0,0,34.0
103.0,15.0,27.0,2.0,2.0,0,34.0
103.0,15.0,26.0,2.0,2.0,0,34.0
102.0,15.0,26.0,2.0,2.0,0,34.0
101.0,15.0,26.0,3.0,3.0,0,34.0
101.0,15.0,26.0,2.0,2.0,0,34.0
101.0,14.0,25.0,2.0,2.0,0,34.0
99.0,14.0,26.0,2.0,2.0,0,34.0
99.0,14.0,27.0,2.0,2.0,0,34.0
98.0,14.0,27.0,2.0,2.0,0,34.0
102.0,14.0,26.0,2.0,2.0,0,34.0
107.0,13.0,26.0,2.0,2.0,0,34.0
102.0,13.0,26.0,2.0,2.0,0,34.0
102.0,13.0,25.0,2.0,2.0,0,34.0
101.0,12.0,25.0,2.0,2.0,0,34.0
103.0,12.0,25.0,2.0,2.0,0,34.0
101.0,12.0,24.0,2.0,2.0,0,34.0
100.0,12.0,24.0,2.0,2.0,0,34.0
99.0,12.0,24.0,2.0,2.0,0,34.0
98.0,11.0,24.0,2.0,2.0,0,34.0
103.0,12.0,23.0,2.0,2.0,0,34.0
103.0,11.0,23.0,2.0,2.0,0,34.0
102.0,12.0,23.0,2.0,2.0,0,34.0
101.0,12.0,22.0,2.0,2.0,0,34.0
101.0,12.0,22.0,1.0,1.0,0,34.0
100.0,12.0,22.0,2.0,2.0,0,34.0
99.0,12.0,22.0,1.0,1.0,0,34.0
99.0,11.0,22.0,2.0,2.0,0,34.0
98.0,11.0,22.0,2.0,2.0,0,34.0
98.0,11.0,23.0,1.0,1.0,0,34.0
97.0,11.0,23.0,2.0,2.0,0,34.0
101.0,11.0,23.0,2.0,2.0,0,34.0
99.0,11.0,22.0,1.0,1.0,0,34.0
99.0,13.0,22.0,2.0,2.0,0,34.0
98.0,13.0,22.0,2.0,2.0,0,34.0
98.0,12.0,22.0,1.0,1.0,0,34.0
97.0,12.0,22.0,1.0,1.0,0,34.0
96.0,12.0,22.0,1.0,1.0,0,34.0
96.0,12.0,21.0,1.0,1.0,0,34.0
95.0,12.0,21.0,1.0,1.0,0,34.0
94.0,12.0,21.0,1.0,1.0,0,34.0
100.0,12.0,21.0,1.0,1.0,0,34.0
99.0,13.0,21.0,1.0,1.0,0,34.0
99.0,12.0,21.0,1.0,1.0,0,34.0
99.0,13.0,20.0,1.0,1.0,0,34.0
98.0,13.0,20.0,1.0,1.0,0,34.0
97.0,13.0,20.0,1.0,1.0,0,34.0
96.0,13.0,20.0,1.0,1.0,0,34.0
96.0,13.0,19.0,1.0,1.0,0,34.0
95.0,12.0,19.0,1.0,1.0,0,34.0
94.0,12.0,19.0,1.0,1.0,0,34.0
93.0,12.0,19.0,1.0,1.0,0,34.0
109.0,13.0,19.0,1.0,1.0,0,34.0
108.0,13.0,19.0,1.0,1.0,0,34.0
107.0,14.0,19.0,1.0,1.0,0,34.0
106.0,14.0,19.0,1.0,1.0,0,34.0
105.0,14.0,18.0,1.0,1.0,0,34.0
103.0,13.0,18.0,1.0,1.0,0,34.0
102.0,13.0,18.0,1.0,1.0,0,34.0
117.0,13.0,18.0,1.0,1.0,0,34.0
116.0,12.0,17.0,1.0,1.0,0,34.0
115.0,13.0,17.0,1.0,1.0,0,34.0
115.0,12.0,17.0,1.0,1.0,0,34.0
114.0,13.0,17.0,1.0,1.0,0,34.0
113.0,12.0,17.0,1.0,1.0,0,34.0
112.0,12.0,17.0,1.0,1.0,0,34.0
111.0,12.0,16.0,1.0,1.0,0,34.0
111.0,12.0,17.0,1.0,1.0,0,34.0
110.0,12.0,16.0,1.0,1.0,0,34.0
115.0,12.0,16.0,1.0,1.0,0,34.0
122.0,12.0,16.0,1.0,1.0,0,34.0
121.0,12.0,16.0,1.0,1.0,0,34.0
120.0,13.0,16.0,1.0,1.0,0,34.0
120.0,12.0,16.0,1.0,1.0,0,34.0
119.0,12.0,16.0,1.0,1.0,0,34.0
118.0,12.0,15.0,1.0,1.0,0,34.0
117.0,12.0,15.0,1.0,1.0,0,34.0
116.0,12.0,15.0,1.0,1.0,0,34.0
115.0,12.0,15.0,1.0,1.0,0,34.0
115.0,11.0,15.0,1.0,1.0,0,34.0
114.0,11.0,15.0,1.0,1.0,0,34.0
121.0,11.0,15.0,1.0,1.0,0,34.0
121.0,12.0,15.0,1.0,1.0,0,34.0
120.0,12.0,15.0,1.0,1.0,0,34.0
118.0,12.0,14.0,1.0,1.0,0,34.0
117.0,12.0,14.0,1.0,1.0,0,34.0
115.0,11.0,14.0,1.0,1.0,0,34.0
114.0,11.0,14.0,1.0,1.0,0,34.0
113.0,11.0,14.0,1.0,1.0,0,34.0
121.0,11.0,14.0,1.0,1.0,0,34.0
120.0,11.0,14.0,1.0,1.0,0,34.0
120.0,13.0,14.0,1.0,1.0,0,34.0
119.0,13.0,14.0,1.0,1.0,0,34.0
118.0,13.0,13.0,1.0,1.0,0,34.0
117.0,13.0,13.0,1.0,1.0,0,34.0
116.0,13.0,13.0,1.0,1.0,0,34.0
115.0,12.0,13.0,1.0,1.0,0,34.0
114.0,12.0,13.0,1.0,1.0,0,34.0
113.0,12.0,13.0,1.0,1.0,0,34.0
119.0,12.0,13.0,1.0,1.0,0,34.0
118.0,12.0,13.0,1.0,1.0,0,34.0
116.0,15.0,13.0,1.0,1.0,0,34.0
115.0,15.0,13.0,1.0,1.0,0,34.0
115.0,14.0,13.0,1.0,1.0,0,34.0
114.0,14.0,13.0,1.0,1.0,0,34.0
114.0,14.0,12.0,1.0,1.0,0,34.0
113.0,14.0,12.0,1.0,1.0,0,34.0
112.0,14.0,12.0,1.0,1.0,0,34.0
111.0,14.0,12.0,1.0,1.0,0,34.0
110.0,13.0,12.0,1.0,1.0,0,34.0
117.0,14.0,12.0,1.0,1.0,0,34.0
116.0,14.0,12.0,1.0,1.0,0,34.0
115.0,14.0,12.0,1.0,1.0,0,34.0
112.0,14.0,11.0,1.0,1.0,0,34.0
111.0,13.0,11.0,1.0,1.0,0,34.0
110.0,13.0,11.0,1.0,1.0,0,34.0
109.0,13.0,22.0,1.0,1.0,0,34.0
114.0,13.0,22.0,1.0,1.0,0,34.0
113.0,13.0,22.0,1.0,1.0,0,34.0
113.0,16.0,22.0,1.0,1.0,0,34.0
112.0,16.0,21.0,1.0,1.0,0,34.0
111.0,16.0,21.0,1.0,1.0,0,34.0
110.0,16.0,21.0,1.0,1.0,0,34.0
109.0,15.0,21.0,1.0,1.0,0,34.0
108.0,15.0,21.0,1.0,1.0,0,34.0
107.0,15.0,20.0,1.0,1.0,0,34.0
108.0,15.0,20.0,1.0,1.0,0,34.0
112.0,15.0,20.0,1.0,1.0,0,34.0
112.0,15.0,19.0,1.0,1.0,0,34.0
111.0,15.0,19.0,1.0,1.0,0,34.0
110.0,15.0,19.0,1.0,1.0,0,34.0
109.0,14.0,19.0,1.0,1.0,0,34.0
108.0,15.0,19.0,1.0,1.0,0,34.0
108.0,14.0,19.0,1.0,1.0,0,34.0
105.0,14.0,19.0,1.0,1.0,0,34.0
114.0,13.0,18.0,1.0,1.0,0,34.0
115.0,13.0,18.0,1.0,1.0,0,34.0
113.0,13.0,18.0,1.0,1.0,0,34.0
112.0,13.0,20.0,1.0,1.0,0,34.0
111.0,12.0,20.0,1.0,1.0,0,34.0
110.0,13.0,20.0,1.0,1.0,0,34.0
110.0,12.0,19.0,1.0,1.0,0,34.0
109.0,12.0,19.0,1.0,1.0,0,34.0
108.0,12.0,19.0,1.0,1.0,0,34.0
108.0,12.0,20.0,1.0,1.0,0,34.0
107.0,12.0,21.0,1.0,1.0,0,34.0
107.0,14.0,20.0,1.0,1.0,0,34.0
106.0,14.0,20.0,1.0,1.0,0,34.0
105.0,14.0,20.0,1.0,1.0,0,34.0
103.0,14.0,19.0,1.0,1.0,0,34.0
102.0,13.0,19.0,1.0,1.0,0,34.0
101.0,13.0,19.0,1.0,1.0,0,34.0
113.0,13.0,19.0,1.0,1.0,0,34.0
112.0,13.0,19.0,1.0,1.0,0,34.0
111.0,14.0,19.0,1.0,1.0,0,34.0
111.0,13.0,19.0,1.0,1.0,0,34.0
110.0,14.0,19.0,1.0,1.0,0,34.0
110.0,13.0,18.0,1.0,1.0,0,34.0
108.0,13.0,20.0,1.0,1.0,0,34.0
107.0,13.0,19.0,1.0,1.0,0,34.0
106.0,13.0,19.0,1.0,1.0,0,34.0
105.0,13.0,19.0,1.0,1.0,0,34.0
116.0,13.0,19.0,1.0,1.0,0,34.0
115.0,13.0,19.0,1.0,1.0,0,34.0
115.0,15.0,19.0,1.0,1.0,0,34.0
114.0,15.0,19.0,1.0,1.0,0,34.0
113.0,15.0,18.0,1.0,1.0,0,34.0
112.0,15.0,18.0,1.0,1.0,0,34.0
111.0,15.0,18.0,1.0,1.0,0,34.0
110.0,15.0,18.0,1.0,1.0,0,34.0
110.0,14.0,18.0,1.0,1.0,0,34.0
109.0,14.0,18.0,1.0,1.0,0,34.0
108.0,14.0,17.0,1.0,1.0,0,34.0
113.0,14.0,17.0,1.0,1.0,0,34.0
112.0,14.0,17.0,1.0,1.0,0,34.0
111.0,14.0,17.0,1.0,1.0,0,34.0
110.0,13.0,17.0,1.0,1.0,0,34.0
110.0,14.0,17.0,1.0,1.0,0,34.0
109.0,13.0,17.0,1.0,1.0,0,34.0
108.0,13.0,16.0,1.0,1.0,0,34.0
107.0,13.0,16.0,1.0,1.0,0,34.0
106.0,13.0,16.0,1.0,1.0,0,34.0
109.0,12.0,16.0,1.0,1.0,0,34.0
115.0,14.0,15.0,1.0,1.0,0,34.0
114.0,14.0,15.0,1.0,1.0,0,34.0
114.0,13.0,15.0,1.0,1.0,0,34.0
113.0,13.0,15.0,1.0,1.0,0,34.0
112.0,13.0,15.0,0.0,0.0,0,34.0
112.0,13.0,15.0,1.0,1.0,0,34.0
111.0,13.0,15.0,1.0,1.0,0,34.0
110.0,13.0,15.0,1.0,1.0,0,34.0
109.0,12.0,15.0,0.0,0.0,0,34.0
114.0,12.0,15.0,1.0,1.0,0,34.0
115.0,12.0,14.0,1.0,1.0,0,34.0
115.0,12.0,14.0,2.0,2.0,0,34.0
114.0,12.0,14.0,2.0,2.0,0,34.0
113.0,12.0,14.0,2.0,2.0,0,34.0
112.0,12.0,14.0,2.0,2.0,0,34.0
111.0,12.0,14.0,2.0,2.0,0,34.0
110.0,12.0,14.0,2.0,2.0,0,34.0
110.0,11.0,14.0,1.0,1.0,0,34.0
109.0,11.0,14.0,2.0,2.0,0,34.0
108.0,11.0,14.0,1.0,1.0,0,34.0
108.0,11.0,14.0,2.0,2.0,0,34.0
110.0,11.0,14.0,2.0,2.0,0,34.0
109.0,11.0,13.0,2.0,2.0,0,34.0
108.0,12.0,13.0,1.0,1.0,0,34.0
107.0,12.0,14.0,2.0,2.0,0,34.0
107.0,12.0,13.0,2.0,2.0,0,34.0
106.0,12.0,13.0,2.0,2.0,0,34.0
105.0,12.0,13.0,1.0,1.0,0,34.0
103.0,12.0,13.0,1.0,1.0,0,34.0
103.0,11.0,13.0,1.0,1.0,0,34.0
110.0,11.0,12.0,1.0,1.0,0,34.0
109.0,12.0,12.0,2.0,2.0,0,34.0
109.0,12.0,12.0,1.0,1.0,0,34.0
108.0,13.0,12.0,1.0,1.0,0,34.0
108.0,13.0,12.0,2.0,2.0,0,34.0
107.0,13.0,12.0,1.0,1.0,0,34.0
106.0,13.0,12.0,1.0,1.0,0,34.0
105.0,13.0,12.0,2.0,2.0,0,34.0
105.0,12.0,12.0,1.0,1.0,0,34.0
104.0,12.0,12.0,1.0,1.0,0,34.0
103.0,12.0,12.0,2.0,2.0,0,34.0
103.0,12.0,12.0,1.0,1.0,0,34.0
102.0,12.0,12.0,2.0,2.0,0,34.0
108.0,12.0,12.0,1.0,1.0,0,34.0
107.0,12.0,11.0,1.0,1.0,0,34.0
107.0,13.0,11.0,1.0,1.0,0,34.0
106.0,13.0,11.0,1.0,1.0,0,34.0
105.0,13.0,11.0,1.0,1.0,0,34.0
103.0,13.0,11.0,1.0,1.0,0,34.0
103.0,12.0,11.0,2.0,2.0,0,34.0
58.0,38.0,9.0,7.0,1.0,0,34.0
57.0,37.0,9.0,7.0,1.0,0,34.0
56.0,37.0,9.0,7.0,1.0,0,34.0
56.0,45.0,9.0,7.0,1.0,0,34.0
56.0,49.0,9.0,7.0,1.0,0,34.0
56.0,49.0,8.0,7.0,1.0,0,34.0
55.0,49.0,8.0,7.0,1.0,0,34.0
55.0,48.0,8.0,7.0,5.0,0,34.0
55.0,48.0,7.0,7.0,6.0,0,34.0
54.0,48.0,7.0,7.0,6.0,0,34.0
54.0,47.0,7.0,7.0,6.0,0,34.0
53.0,47.0,7.0,7.0,6.0,0,34.0
53.0,47.0,7.0,8.0,5.0,0,34.0
52.0,46.0,7.0,8.0,6.0,0,34.0
52.0,46.0,7.0,7.0,5.0,0,34.0
52.0,46.0,7.0,7.0,6.0,0,34.0
51.0,45.0,7.0,7.0,5.0,0,34.0
60.0,45.0,7.0,7.0,5.0,0,34.0
62.0,45.0,7.0,7.0,5.0,0,34.0
61.0,45.0,7.0,7.0,6.0,0,34.0
61.0,45.0,7.0,7.0,1.2075812274368232,0,34.0
61.0,44.0,7.0,7.0,1.2075812274368232,0,34.0
60.0,44.0,7.0,7.0,1.2075812274368232,0,34.0
60.0,44.0,7.0,7.0,7.0,0,34.0
60.0,43.0,7.0,7.0,7.0,0,34.0
59.0,43.0,7.0,15.0,7.0,0,34.0
59.0,43.0,7.0,39.0,7.0,0,34.0
58.0,43.0,7.0,39.0,7.0,0,34.0
58.0,42.0,6.0,39.0,7.0,0,34.0
57.0,42.0,6.0,39.0,7.0,0,34.0
57.0,42.0,6.0,38.0,7.0,0,34.0
57.0,41.0,6.0,38.0,7.0,0,34.0
56.0,41.0,6.0,37.0,7.0,0,34.0
55.0,39.0,6.0,36.0,7.0,0,34.0
54.0,39.0,6.0,36.0,7.0,0,34.0
54.0,39.0,6.0,40.0,7.0,0,34.0
54.0,39.0,6.0,39.0,7.0,0,34.0
53.0,39.0,6.0,39.0,7.0,0,34.0
52.0,38.0,6.0,39.0,7.0,0,34.0
52.0,38.0,6.0,38.0,7.0,0,34.0
51.0,38.0,5.0,38.0,7.0,0,34.0
51.0,37.0,5.0,38.0,7.0,0,34.0
50.0,37.0,5.0,37.0,7.0,0,34.0
50.0,36.0,5.0,37.0,7.0,0,34.0
50.0,36.0,5.0,48.0,6.0,0,34.0
50.0,36.0,5.0,47.0,6.0,0,34.0
49.0,36.0,5.0,47.0,6.0,0,34.0
49.0,36.0,5.0,46.0,6.0,0,34.0
48.0,35.0,5.0,46.0,6.0,0,34.0
48.0,35.0,5.0,45.0,6.0,0,34.0
48.0,35.0,4.0,45.0,6.0,0,34.0
47.0,35.0,4.0,45.0,6.0,0,34.0
47.0,34.0,5.0,45.0,6.0,0,34.0
47.0,34.0,4.0,44.0,6.0,0,34.0
47.0,34.0,4.0,44.0,5.0,0,34.0
46.0,34.0,4.0,44.0,5.0,0,34.0
46.0,34.0,5.0,44.0,5.0,0,34.0
46.0,34.0,10.0,44.0,6.0,0,34.0
45.0,34.0,10.0,43.0,5.0,0,34.0
45.0,33.0,10.0,43.0,5.0,0,34.0
45.0,33.0,10.0,42.0,5.0,0,34.0
45.0,33.0,9.0,42.0,5.0,0,34.0
44.0,32.0,9.0,42.0,5.0,0,34.0
44.0,32.0,9.0,41.0,5.0,0,34.0
44.0,31.0,9.0,41.0,5.0,0,34.0
43.0,31.0,9.0,41.0,5.0,0,34.0
43.0,31.0,9.0,40.0,5.0,0,34.0
43.0,31.0,9.0,39.0,5.0,0,34.0
43.0,31.0,9.0,39.0,4.0,0,34.0
42.0,31.0,9.0,39.0,5.0,0,34.0
42.0,31.0,9.0,39.0,4.0,0,34.0
42.0,31.0,8.0,39.0,4.0,0,34.0
41.0,31.0,8.0,39.0,4.0,0,34.0
41.0,31.0,9.0,39.0,4.0,0,34.0
41.0,31.0,7.0,39.0,4.0,0,34.0
41.0,30.0,7.0,38.0,4.0,0,34.0
40.0,30.0,7.0,38.0,4.0,0,34.0
39.0,30.0,7.0,38.0,4.0,0,34.0
39.0,30.0,7.0,38.0,3.0,0,34.0
39.0,30.0,7.0,37.0,4.0,0,34.0
39.0,30.0,7.0,37.0,3.0,0,34.0
39.0,29.0,7.0,37.0,4.0,0,34.0
39.0,29.0,7.0,37.0,3.0,0,34.0
39.0,29.0,7.0,36.0,3.0,0,34.0
38.0,29.0,7.0,36.0,3.0,0,34.0
38.0,29.0,7.0,35.0,3.0,0,34.0
38.0,28.0,7.0,35.0,3.0,0,34.0
37.0,28.0,7.0,35.0,3.0,0,34.0
37.0,28.0,7.0,34.0,3.0,0,34.0
37.0,28.0,6.0,34.0,3.0,0,34.0
36.0,27.0,6.0,34.0,3.0,0,34.0
35.0,27.0,7.0,34.0,3.0,0,34.0
35.0,27.0,7.0,33.0,3.0,0,34.0
35.0,27.0,6.0,33.0,3.0,0,34.0
35.0,26.0,7.0,33.0,3.0,0,34.0
35.0,26.0,6.0,33.0,3.0,0,34.0
35.0,26.0,6.0,32.0,3.0,0,34.0
34.0,26.0,6.0,32.0,3.0,0,34.0
34.0,26.0,6.0,31.0,3.0,0,34.0
34.0,25.0,6.0,31.0,2.0,0,34.0
33.0,25.0,6.0,31.0,3.0,0,34.0
33.0,25.0,6.0,31.0,2.0,0,34.0
33.0,25.0,6.0,30.0,2.0,0,34.0
32.0,25.0,6.0,30.0,2.0,0,34.0
31.0,24.0,6.0,30.0,2.0,0,34.0
31.0,24.0,5.0,30.0,2.0,0,34.0
31.0,24.0,5.0,29.0,2.0,0,34.0
30.0,24.0,5.0,29.0,2.0,0,34.0
30.0,24.0,5.0,31.0,2.0,0,34.0
30.0,23.0,5.0,30.0,2.0,0,34.0
29.0,23.0,5.0,30.0,2.0,0,34.0
29.0,23.0,5.0,29.0,2.0,0,34.0
29.0,22.0,5.0,29.0,2.0,0,34.0
28.0,22.0,5.0,29.0,2.0,0,34.0
28.0,22.0,4.0,29.0,2.0,0,34.0
28.0,22.0,4.0,29.0,1.0,0,34.0
28.0,22.0,4.0,28.0,2.0,0,34.0
28.0,22.0,4.0,28.0,1.0,0,34.0
28.0,21.0,4.0,28.0,1.0,0,34.0
27.0,21.0,4.0,27.0,2.0,0,34.0
27.0,22.0,4.0,27.0,1.0,0,34.0
27.0,21.0,4.0,27.0,1.0,0,34.0
27.0,21.0,3.0,27.0,1.0,0,34.0
26.0,21.0,4.0,27.0,1.0,0,34.0
26.0,21.0,3.0,26.0,1.0,0,34.0
26.0,21.0,4.0,26.0,1.0,0,34.0
25.0,20.0,3.0,26.0,1.0,0,34.0
25.0,20.0,3.0,25.0,1.0,0,34.0
24.0,19.0,3.0,25.0,1.0,0,34.0
24.0,20.0,3.0,24.0,1.0,0,34.0
24.0,19.0,3.0,24.0,1.0,0,34.0
24.0,19.0,5.0,24.0,1.0,0,34.0
23.0,19.0,5.0,24.0,1.0,0,34.0
23.0,19.0,4.0,24.0,1.0,0,34.0
22.0,19.0,4.0,23.0,1.0,0,34.0
23.0,19.0,4.0,23.0,1.0,0,34.0
22.0,19.0,4.0,22.0,1.0,0,34.0
22.0,19.0,3.0,22.0,1.0,0,34.0
21.0,18.0,3.0,22.0,1.0,0,34.0
21.0,18.0,4.0,22.0,1.0,0,34.0
21.0,18.0,3.0,22.0,0.0,0,34.0
21.0,18.0,3.0,28.0,1.0,0,34.0
21.0,18.0,3.0,27.0,1.0,0,34.0
21.0,18.0,3.0,27.0,0.0,0,34.0
20.0,18.0,3.0,27.0,1.0,0,34.0
20.0,18.0,3.0,27.0,0.0,0,34.0
20.0,18.0,3.0,26.0,0.0,0,34.0
19.0,18.0,3.0,26.0,1.0,0,34.0
20.0,17.0,3.0,26.0,0.0,0,34.0
19.0,17.0,3.0,26.0,1.0,0,34.0
19.0,17.0,3.0,26.0,0.0,0,34.0
19.0,17.0,3.0,25.0,0.0,0,34.0
19.0,17.0,3.0,25.0,1.0,0,34.0
19.0,17.0,3.0,27.0,0.0,0,34.0
19.0,17.0,3.0,27.0,1.0,0,34.0
19.0,29.0,3.0,27.0,1.0,0,34.0
19.0,42.0,3.0,26.0,0.0,0,34.0
19.0,41.0,3.0,26.0,1.0,0,34.0
18.0,41.0,3.0,26.0,1.0,0,34.0
18.0,41.0,3.0,25.0,0.0,0,34.0
18.0,39.0,3.0,25.0,1.0,0,34.0
18.0,39.0,2.0,25.0,0.0,0,34.0
18.0,39.0,3.0,25.0,0.0,0,34.0
17.0,39.0,3.0,25.0,0.0,0,34.0
17.0,39.0,3.0,25.0,1.0,0,34.0
17.0,39.0,2.0,31.0,1.0,0,34.0
17.0,39.0,3.0,31.0,1.0,0,34.0
17.0,38.0,3.0,31.0,1.0,0,34.0
17.0,38.0,2.0,31.0,1.0,0,34.0
17.0,38.0,2.0,31.0,0.0,0,34.0
17.0,38.0,2.0,30.0,0.0,0,34.0
16.0,38.0,2.0,30.0,1.0,0,34.0
16.0,38.0,2.0,30.0,0.0,0,34.0
16.0,37.0,2.0,30.0,0.0,0,34.0
16.0,36.0,2.0,29.0,0.0,0,34.0
16.0,37.0,2.0,29.0,0.0,0,34.0
15.0,36.0,2.0,29.0,0.0,0,34.0
15.0,35.0,2.0,29.0,0.0,0,34.0
15.0,35.0,6.0,28.0,1.0,0,34.0
15.0,35.0,7.0,28.0,0.0,0,34.0
15.0,34.0,7.0,27.0,0.0,0,34.0
14.0,34.0,7.0,28.0,0.0,0,34.0
14.0,34.0,7.0,27.0,0.0,0,34.0
14.0,33.0,7.0,27.0,0.0,0,34.0
14.0,33.0,7.0,26.0,0.0,0,34.0
14.0,35.0,7.0,26.0,0.0,0,34.0
14.0,38.0,6.0,26.0,0.0,0,34.0
14.0,37.0,6.0,25.0,0.0,0,34.0
13.0,37.0,6.0,25.0,0.0,0,34.0
13.0,36.0,6.0,25.0,0.0,0,34.0
13.0,35.0,6.0,24.0,0.0,0,34.0
12.0,35.0,6.0,24.0,0.0,0,34.0
12.0,35.0,5.0,24.0,0.0,0,34.0
12.0,34.0,5.0,23.0,0.0,0,34.0
12.0,34.0,5.0,23.0,1.0,0,34.0
12.0,33.0,5.0,22.0,1.0,0,34.0
11.0,33.0,5.0,23.0,0.0,0,34.0
11.0,33.0,5.0,22.0,1.0,0,34.0
11.0,33.0,5.0,22.0,0.0,0,34.0
11.0,33.0,5.0,30.0,0.0,0,34.0
11.0,32.0,5.0,30.0,0.0,0,34.0
11.0,32.0,4.0,30.0,1.0,0,34.0
11.0,31.0,4.0,30.0,0.0,0,34.0
11.0,31.0,4.0,29.0,1.0,0,34.0
11.0,31.0,4.0,29.0,0.0,0,34.0
10.0,31.0,4.0,28.0,1.0,0,34.0
10.0,31.0,4.0,28.0,0.0,0,34.0
10.0,31.0,5.0,28.0,0.0,0,34.0
10.0,30.0,4.0,28.0,0.0,0,34.0
10.0,30.0,4.0,29.0,0.0,0,34.0
10.0,30.0,4.0,31.0,0.0,0,34.0
9.0,30.0,4.0,31.0,0.0,0,34.0
9.0,30.0,4.0,30.0,0.0,0,34.0
9.0,30.0,3.0,30.0,0.0,0,34.0
9.0,29.0,3.0,30.0,0.0,0,34.0
9.0,29.0,3.0,29.0,0.0,0,34.0
9.0,28.0,3.0,28.0,0.0,0,34.0
9.0,28.0,3.0,28.0,1.0,0,34.0
8.0,28.0,3.0,28.0,0.0,0,34.0
8.0,28.0,3.0,27.0,0.0,0,34.0
7.0,28.0,3.0,27.0,0.0,0,34.0
7.0,27.0,3.0,27.0,0.0,0,34.0
7.0,27.0,3.0,26.0,0.0,0,34.0
7.0,27.0,3.0,25.0,0.0,0,34.0
7.0,26.0,3.0,25.0,0.0,0,34.0
7.0,26.0,2.0,25.0,0.0,0,34.0
7.0,25.0,3.0,25.0,0.0,0,34.0
7.0,25.0,2.0,25.0,0.0,0,34.0
7.0,25.0,3.0,24.0,0.0,0,34.0
7.0,25.0,2.0,24.0,0.0,0,34.0
7.0,25.0,2.0,26.0,0.0,0,34.0
7.0,24.0,2.0,26.0,0.0,0,34.0
7.0,24.0,2.0,25.0,0.0,0,34.0
6.0,24.0,2.0,25.0,0.0,0,34.0
6.0,23.0,2.0,24.0,0.0,0,34.0
6.0,23.0,2.0,28.0,0.0,0,34.0
6.0,22.0,2.0,28.0,0.0,0,34.0
6.0,22.0,2.0,27.0,0.0,0,34.0
6.0,21.0,2.0,27.0,0.0,0,34.0
6.0,21.0,1.0,27.0,0.0,0,34.0
6.0,21.0,2.0,26.0,0.0,0,34.0
6.0,21.0,1.0,26.0,0.0,0,34.0
5.0,21.0,2.0,25.0,0.0,0,34.0
5.0,21.0,2.0,26.0,0.0,0,34.0
5.0,20.0,1.0,25.0,0.0,0,34.0
5.0,21.0,1.0,25.0,0.0,0,34.0
5.0,21.0,1.0,24.0,0.0,0,34.0
5.0,20.0,1.0,24.0,0.0,0,34.0
5.0,19.0,1.0,25.0,0.0,0,34.0
4.0,19.0,1.0,25.0,0.0,0,34.0
4.0,19.0,1.0,24.0,0.0,0,34.0
4.0,19.0,2.0,24.0,0.0,0,34.0
4.0,18.0,1.0,23.0,0.0,0,34.0
4.0,18.0,1.0,22.0,0.0,0,34.0
3.0,18.0,1.0,22.0,0.0,0,34.0
4.0,17.0,1.0,22.0,0.0,0,34.0
3.0,17.0,1.0,22.0,0.0,0,34.0
3.0,17.0,1.0,21.0,0.0,0,34.0
3.0,17.0,1.0,20.0,0.0,0,34.0
3.0,16.0,1.0,20.0,0.0,0,34.0
3.0,19.0,1.0,20.0,0.0,0,34.0
3.0,18.0,1.0,19.0,0.0,0,34.0
3.0,18.0,1.0,20.0,0.0,0,34.0
3.0,17.0,1.0,19.0,0.0,0,34.0
3.0,17.0,1.0,18.0,0.0,0,34.0
3.0,20.0,1.0,18.0,0.0,0,34.0
3.0,42.0,1.0,18.0,0.0,0,34.0
3.0,44.0,1.0,18.0,0.0,0,34.0
3.0,43.0,2.0,18.0,0.0,0,34.0
3.0,43.0,3.0,18.0,0.0,0,34.0
3.0,42.0,3.0,18.0,0.0,0,34.0
3.0,41.0,3.0,17.0,0.0,0,34.0
2.0,41.0,3.0,17.0,0.0,0,34.0
3.0,39.0,3.0,17.0,0.0,0,34.0
2.0,39.0,3.0,17.0,0.0,0,34.0
2.0,39.0,3.0,16.0,0.0,0,34.0
3.0,39.0,3.0,16.0,0.0,0,34.0
2.0,38.0,3.0,15.0,0.0,0,34.0
2.0,38.0,2.0,15.0,0.0,0,34.0
2.0,38.0,7.0,15.0,0.0,0,34.0
2.0,38.0,8.0,15.0,0.0,0,34.0
2.0,37.0,8.0,15.0,0.0,0,34.0
2.0,37.0,7.0,15.0,0.0,0,34.0
2.0,36.0,7.0,15.0,0.0,0,34.0
2.0,36.0,7.0,14.0,0.0,0,34.0
2.0,35.0,7.0,15.0,0.0,0,34.0
2.0,35.0,7.0,14.0,0.0,0,34.0
2.0,34.0,7.0,14.0,0.0,0,34.0
2.0,37.0,7.0,14.0,0.0,0,34.0
2.0,38.0,7.0,13.0,0.0,0,34.0
2.0,38.0,6.0,13.0,0.0,0,34.0
2.0,37.0,7.0,13.0,0.0,0,34.0
2.0,37.0,6.0,13.0,0.0,0,34.0
1.0,37.0,7.0,13.0,0.0,0,34.0
2.0,36.0,6.0,13.0,0.0,0,34.0
1.0,36.0,6.0,13.0,0.0,0,34.0
1.0,35.0,6.0,13.0,0.0,0,34.0
1.0,35.0,6.0,12.0,0.0,0,34.0
2.0,37.0,6.0,12.0,0.0,0,34.0
2.0,36.0,6.0,12.0,0.0,0,34.0
2.0,35.0,6.0,12.0,0.0,0,34.0
2.0,35.0,5.0,12.0,0.0,0,34.0
2.0,35.0,5.0,11.0,0.0,0,34.0
2.0,34.0,5.0,11.0,0.0,0,34.0
2.0,34.0,6.0,11.0,0.0,0,34.0
2.0,33.0,5.0,11.0,0.0,0,34.0
1.0,32.0,5.0,10.0,0.0,0,34.0
1.0,32.0,11.0,10.0,0.0,0,34.0
2.0,31.0,11.0,10.0,0.0,0,34.0
1.0,31.0,11.0,13.0,0.0,0,34.0
2.0,31.0,10.0,14.0,0.0,0,34.0
2.0,31.0,11.0,14.0,0.0,0,34.0
1.0,31.0,10.0,42.0,0.0,0,34.0
1.0,31.0,10.0,41.0,0.0,0,34.0
1.0,30.0,10.0,39.0,0.0,0,34.0
1.0,30.0,12.0,39.0,0.0,0,34.0
1.0,29.0,12.0,39.0,0.0,0,34.0
1.0,29.0,12.0,38.0,0.0,0,34.0
1.0,29.0,11.0,38.0,0.0,0,34.0
1.0,28.0,11.0,38.0,0.0,0,34.0
1.0,41.0,11.0,38.0,0.0,0,34.0
1.0,43.0,11.0,38.0,0.0,0,34.0
1.0,43.0,11.0,37.0,0.0,0,34.0
1.0,42.0,11.0,37.0,0.0,0,34.0
1.0,42.0,11.0,36.0,0.0,0,34.0
1.0,41.0,11.0,35.0,0.0,0,34.0
1.0,41.0,10.0,35.0,0.0,0,34.0
1.0,39.0,9.0,35.0,0.0,0,34.0
1.0,39.0,9.0,34.0,0.0,0,34.0
1.0,39.0,9.0,34.0,1.0,0,34.0
1.0,38.0,9.0,33.0,0.0,0,34.0
1.0,38.0,9.0,33.0,1.0,0,34.0
1.0,38.0,8.0,33.0,0.0,0,34.0
1.0,38.0,9.0,32.0,1.0,0,34.0
1.0,38.0,8.0,32.0,0.0,0,34.0
1.0,37.0,7.0,32.0,0.0,0,34.0
1.0,37.0,8.0,32.0,0.0,0,34.0
1.0,37.0,10.0,31.0,0.0,0,34.0
1.0,37.0,14.0,31.0,0.0,0,34.0
1.0,37.0,14.0,31.0,1.0,0,34.0
1.0,36.0,13.0,31.0,0.0,0,34.0
0.0,36.0,13.0,31.0,1.0,0,34.0
1.0,36.0,13.0,31.0,1.0,0,34.0
0.0,35.0,13.0,31.0,1.0,0,34.0
1.0,35.0,13.0,30.0,0.0,0,34.0
1.0,35.0,13.0,30.0,1.0,0,34.0
1.0,35.0,12.0,30.0,0.0,0,34.0
0.0,35.0,12.0,30.0,0.0,0,34.0
0.0,35.0,12.0,30.0,1.0,0,34.0
1.0,35.0,12.0,29.0,0.0,0,34.0
1.0,34.0,12.0,29.0,0.0,0,34.0
0.0,34.0,12.0,29.0,0.0,0,34.0
0.0,34.0,12.0,29.0,1.0,0,34.0
1.0,34.0,12.0,28.0,0.0,0,34.0
0.0,33.0,12.0,28.0,0.0,0,34.0
0.0,33.0,11.0,28.0,0.0,0,34.0
0.0,32.0,11.0,46.0,1.0,0,34.0
0.0,32.0,11.0,45.0,0.0,0,34.0
0.0,31.0,11.0,45.0,0.0,0,34.0
0.0,31.0,10.0,45.0,0.0,0,34.0
0.0,31.0,10.0,44.0,0.0,0,34.0
0.0,31.0,10.0,44.0,1.0,0,34.0
0.0,31.0,10.0,43.0,0.0,0,34.0
0.0,30.0,9.0,42.0,0.0,0,34.0
0.0,30.0,9.0,41.0,0.0,0,34.0
0.0,29.0,9.0,41.0,0.0,0,34.0
0.0,30.0,9.0,39.0,0.0,0,34.0
0.0,30.0,8.0,39.0,0.0,0,34.0
0.0,29.0,7.0,39.0,0.0,0,34.0
0.0,29.0,7.0,38.0,1.0,0,34.0
0.0,29.0,7.0,38.0,0.0,0,34.0
0.0,28.0,8.0,38.0,0.0,0,34.0
0.0,28.0,7.0,38.0,0.0,0,34.0
0.0,28.0,7.0,37.0,0.0,0,34.0
0.0,28.0,8.0,36.0,0.0,0,34.0
0.0,27.0,7.0,36.0,0.0,0,34.0
0.0,27.0,7.0,35.0,0.0,0,34.0
0.0,26.0,7.0,35.0,0.0,0,34.0
0.0,26.0,7.0,35.0,1.0,0,34.0
0.0,26.0,7.0,34.0,0.0,0,34.0
0.0,26.0,7.0,33.0,0.0,0,34.0
0.0,25.0,7.0,33.0,0.0,0,34.0
0.0,25.0,7.0,32.0,0.0,0,34.0
0.0,25.0,7.0,31.0,1.0,0,34.0
0.0,25.0,7.0,31.0,0.0,0,34.0
0.0,24.0,7.0,31.0,0.0,0,34.0
0.0,25.0,6.0,31.0,1.0,0,34.0
0.0,43.0,6.0,31.0,0.0,0,34.0
0.0,42.0,7.0,31.0,1.0,0,34.0
0.0,42.0,6.0,31.0,0.0,0,34.0
0.0,41.0,7.0,31.0,1.0,0,34.0
0.0,41.0,9.0,31.0,0.0,0,34.0
0.0,41.0,9.0,30.0,0.0,0,34.0
0.0,41.0,7.0,30.0,1.0,0,34.0
0.0,39.0,7.0,30.0,0.0,0,34.0
0.0,39.0,7.0,29.0,0.0,0,34.0
0.0,39.0,7.0,29.0,1.0,0,34.0
0.0,38.0,7.0,29.0,1.0,0,34.0
0.0,38.0,7.0,28.0,0.0,0,34.0
0.0,38.0,7.0,28.0,1.0,0,34.0
0.0,37.0,7.0,28.0,0.0,0,34.0
0.0,37.0,7.0,28.0,1.0,0,34.0
0.0,37.0,7.0,27.0,0.0,0,34.0
0.0,36.0,7.0,27.0,0.0,0,34.0
0.0,36.0,7.0,27.0,1.0,0,34.0
0.0,35.0,7.0,27.0,1.0,0,34.0
0.0,36.0,6.0,27.0,1.0,0,34.0
0.0,37.0,6.0,26.0,1.0,0,34.0
0.0,36.0,6.0,26.0,1.0,0,34.0
0.0,35.0,6.0,25.0,1.0,0,34.0
0.0,34.0,6.0,25.0,1.0,0,34.0
0.0,34.0,5.0,24.0,0.0,0,34.0
0.0,34.0,6.0,24.0,1.0,0,34.0
0.0,35.0,7.0,24.0,1.0,0,34.0
0.0,35.0,6.0,24.0,1.0,0,34.0
0.0,34.0,6.0,23.0,1.0,0,34.0
0.0,33.0,6.0,23.0,1.0,0,34.0
0.0,33.0,6.0,23.0,0.0,0,34.0
0.0,32.0,5.0,22.0,0.0,0,34.0
0.0,32.0,6.0,22.0,1.0,0,34.0
0.0,32.0,5.0,22.0,1.0,0,34.0
0.0,31.0,5.0,22.0,1.0,0,34.0
0.0,31.0,5.0,21.0,1.0,0,34.0
0.0,31.0,5.0,21.0,0.0,0,34.0
0.0,30.0,4.0,21.0,0.0,0,34.0
0.0,30.0,5.0,21.0,1.0,0,34.0
0.0,30.0,4.0,21.0,1.0,0,34.0
0.0,30.0,4.0,20.0,0.0,0,34.0
0.0,30.0,4.0,20.0,1.0,0,34.0
0.0,29.0,4.0,20.0,1.0,0,34.0
0.0,29.0,4.0,20.0,0.0,0,34.0
0.0,29.0,4.0,19.0,1.0,0,34.0
0.0,29.0,4.0,19.0,0.0,0,34.0
0.0,28.0,4.0,19.0,1.0,0,34.0
0.0,28.0,3.0,20.0,1.0,0,34.0
0.0,28.0,3.0,21.0,0.0,0,34.0
0.0,27.0,3.0,20.0,0.0,0,34.0
0.0,27.0,5.0,20.0,1.0,0,34.0
0.0,27.0,7.0,20.0,1.0,0,34.0
0.0,27.0,7.0,20.0,0.0,0,34.0
0.0,27.0,7.0,19.0,1.0,0,34.0
0.0,26.0,7.0,19.0,1.0,0,34.0
0.0,26.0,7.0,19.0,0.0,0,34.0
0.0,26.0,6.0,24.0,1.0,0,34.0
0.0,25.0,6.0,35.0,1.0,0,34.0
0.0,25.0,6.0,34.0,1.0,0,34.0
0.0,25.0,6.0,34.0,0.0,0,34.0
0.0,25.0,6.0,33.0,1.0,0,34.0
0.0,24.0,6.0,33.0,1.0,0,34.0
0.0,24.0,6.0,32.0,1.0,0,34.0
0.0,24.0,5.0,31.0,1.0,0,34.0
0.0,23.0,5.0,30.0,1.0,0,34.0
0.0,24.0,5.0,30.0,1.0,0,34.0
0.0,23.0,5.0,29.0,1.0,0,34.0
0.0,22.0,5.0,29.0,1.0,0,34.0
0.0,22.0,4.0,29.0,1.0,0,34.0
0.0,22.0,4.0,30.0,1.0,0,34.0
0.0,22.0,4.0,31.0,1.0,0,34.0
0.0,22.0,4.0,30.0,0.0,0,34.0
0.0,24.0,4.0,30.0,1.0,0,34.0
0.0,35.19314079422383,4.0,30.0,1.0,0,34.0
0.0,35.19314079422383,5.0,30.0,0.0,0,34.0
0.0,35.19314079422383,11.0,29.0,0.0,0,34.0
0.0,35.19314079422383,15.0,29.0,1.0,0,34.0
0.0,35.19314079422383,16.0,29.0,0.0,0,34.0
0.0,70.0,16.0,29.0,1.0,0,34.0
0.0,70.0,15.0,29.0,1.0,0,34.0
0.0,69.0,15.0,28.0,1.0,0,34.0
0.0,68.0,15.0,28.0,1.0,0,34.0
0.0,67.0,15.0,28.0,0.0,0,34.0
0.0,67.0,14.0,28.0,1.0,0,34.0
0.0,67.0,14.0,28.0,0.0,0,34.0
0.0,67.0,14.0,27.0,0.0,0,34.0
0.0,66.0,14.0,27.0,1.0,0,34.0
0.0,66.0,14.0,27.0,0.0,0,34.0
0.0,65.0,14.0,27.0,0.0,0,34.0
0.0,65.0,14.0,27.0,1.0,0,34.0
0.0,65.0,13.0,27.0,1.0,0,34.0
0.0,64.0,14.0,27.0,0.0,0,34.0
0.0,64.0,13.0,26.0,1.0,0,34.0
0.0,63.0,13.0,26.0,1.0,0,34.0
0.0,63.0,13.0,25.0,1.0,0,34.0
0.0,62.0,12.0,25.0,0.0,0,34.0
0.0,62.0,13.0,25.0,1.0,0,34.0
0.0,62.0,13.0,25.0,0.0,0,34.0
0.0,61.0,13.0,25.0,0.0,0,34.0
0.0,61.0,13.0,24.0,0.0,0,34.0
0.0,60.0,12.0,24.0,0.0,0,34.0
0.0,60.0,12.0,24.0,1.0,0,34.0
0.0,59.0,12.0,24.0,0.0,0,34.0
0.0,59.0,12.0,24.0,1.0,0,34.0
0.0,58.0,12.0,25.0,0.0,0,34.0
0.0,58.0,11.0,25.0,0.0,0,34.0
0.0,58.0,11.0,30.846570397111915,0.0,0,34.0
0.0,57.0,11.0,30.846570397111915,0.0,0,34.0
0.0,56.0,10.0,30.846570397111915,0.0,0,34.0
0.0,56.0,10.0,13.205439703670738,0.0,0,34.0
0.0,55.0,10.0,13.205439703670738,0.0,0,34.0
0.0,54.0,10.0,13.205439703670738,0.0,0,34.0
0.0,54.0,9.0,13.205439703670738,0.0,0,34.0
0.0,53.0,12.0,13.205439703670738,0.0,0,34.0
0.0,53.0,13.0,13.205439703670738,0.0,0,34.0
0.0,52.0,13.0,13.205439703670738,0.0,0,34.0
0.0,52.0,12.0,13.205439703670738,0.0,0,34.0
0.0,51.0,12.0,13.205439703670738,0.0,0,34.0
0.0,51.0,12.0,13.205439703670738,0.0,0,34.0
0.0,51.0,12.0,13.205439703670738,0.0,0,34.0
0.0,50.0,12.0,13.205439703670738,0.0,0,34.0
0.0,50.0,11.0,13.205439703670738,0.0,0,34.0
0.0,50.0,11.0,13.205439703670738,0.0,0,34.0
0.0,49.0,11.0,13.205439703670738,0.0,0,34.0
0.0,49.0,11.0,13.205439703670738,0.0,0,34.0
0.0,49.0,11.0,13.205439703670738,1.0,0,34.0
0.0,48.0,11.0,13.205439703670738,0.0,0,34.0
0.0,48.0,10.0,13.205439703670738,0.0,0,34.0
0.0,48.0,10.0,13.205439703670738,0.0,0,34.0
0.0,47.0,10.0,13.205439703670738,0.0,0,34.0
0.0,47.0,10.0,13.205439703670738,0.0,0,34.0
0.0,47.0,9.0,13.205439703670738,1.0,0,34.0
0.0,47.0,10.0,13.205439703670738,1.0,0,34.0
0.0,46.0,10.0,13.205439703670738,0.0,0,34.0
0.0,46.0,9.0,13.205439703670738,1.0,0,34.0
0.0,46.0,9.0,13.205439703670738,0.0,0,34.0
0.0,45.0,9.0,13.205439703670738,0.0,0,34.0
0.0,45.0,9.0,13.205439703670738,0.0,0,34.0
0.0,45.0,9.0,13.205439703670738,1.0,0,34.0
0.0,44.0,9.0,13.205439703670738,0.0,0,34.0
0.0,44.0,8.0,13.205439703670738,0.0,0,34.0
0.0,44.0,8.0,13.205439703670738,0.0,0,34.0
0.0,43.0,8.0,13.205439703670738,0.0,0,34.0
0.0,43.0,7.0,13.205439703670738,0.0,0,34.0
0.0,44.0,7.0,55.0,0.0,0,34.0
0.0,43.0,7.0,55.0,0.0,0,34.0
0.0,43.0,7.0,54.0,0.0,0,34.0
0.0,42.0,7.0,54.0,0.0,0,34.0
0.0,42.0,7.0,53.0,0.0,0,34.0
0.0,41.0,7.0,53.0,0.0,0,34.0
0.0,41.0,7.0,52.0,0.0,0,34.0
0.0,41.0,7.0,51.0,0.0,0,34.0
0.0,54.0,7.0,51.0,0.0,0,34.0
0.0,53.0,6.0,50.0,0.0,0,34.0
0.0,53.0,7.0,50.0,0.0,0,34.0
0.0,52.0,6.0,50.0,0.0,0,34.0
0.0,52.0,6.0,49.0,0.0,0,34.0
0.0,51.0,6.0,49.0,0.0,0,34.0
0.0,51.0,6.0,48.0,0.0,0,34.0
0.0,50.0,6.0,48.0,0.0,0,34.0
0.0,49.0,6.0,47.0,0.0,0,34.0
0.0,49.0,5.0,47.0,0.0,0,34.0
0.0,49.0,5.0,46.0,0.0,0,34.0
102.0,123.0,16.0,9.0,3.0,0,42.0
102.0,124.0,16.0,9.0,3.0,0,42.0
102.0,124.0,15.0,9.0,2.0,0,41.0
102.0,123.0,15.0,9.0,3.0,0,41.0
102.0,123.0,15.0,9.0,2.0,0,41.0
102.0,121.0,15.0,9.0,2.0,0,41.0
102.0,121.0,15.0,9.0,3.0,0,48.0
102.0,120.0,15.0,9.0,2.0,0,49.0
102.0,120.0,15.0,8.0,2.0,0,49.0
102.0,119.0,15.0,8.0,2.0,0,48.0
102.0,118.0,15.0,7.0,2.0,0,48.0
102.0,117.0,15.0,7.0,2.0,0,48.0
102.0,120.0,15.0,7.0,2.0,0,47.0
102.0,119.0,14.0,7.0,2.0,0,47.0
102.0,118.0,14.0,7.0,2.0,0,46.0
102.0,117.0,14.0,7.0,2.0,0,46.0
102.0,115.0,14.0,7.0,2.0,0,46.0
102.0,115.0,14.0,7.0,2.0,0,45.0
102.0,114.0,14.0,7.0,2.0,0,45.0
102.0,113.0,14.0,7.0,2.0,0,45.0
102.0,113.0,14.0,7.0,2.0,0,44.0
102.0,112.0,14.0,7.0,2.0,0,44.0
102.0,112.01756587202007,13.0,7.0,2.0,0,44.0
102.0,141.0,13.0,7.0,2.0,0,43.0
102.0,140.0,13.0,7.0,2.0,0,43.0
102.0,139.0,13.0,7.0,2.0,0,43.0
102.0,138.0,13.0,7.0,2.0,0,43.0
102.0,137.0,13.0,7.0,2.0,0,43.0
102.0,137.0,13.0,7.0,2.0,0,42.0
102.0,135.0,13.0,7.0,2.0,0,42.0
102.0,135.0,13.0,6.0,2.0,0,42.0
102.0,134.0,13.0,6.0,2.0,0,41.0
102.0,133.0,12.0,6.0,2.0,0,41.0
102.0,132.0,12.0,6.0,2.0,0,41.0
102.0,131.0,12.0,6.0,2.0,0,41.0
102.0,134.0,12.0,6.0,2.0,0,41.0
102.0,133.0,12.0,6.0,2.0,0,39.0
102.0,132.0,12.0,6.0,2.0,0,39.0
102.0,131.0,12.0,6.0,2.0,0,39.0
102.0,130.0,12.0,6.0,2.0,0,39.0
102.0,129.0,12.0,6.0,1.0,0,39.0
102.0,128.0,12.0,6.0,2.0,0,39.0
102.0,127.0,11.0,6.0,1.0,0,39.0
102.0,127.0,12.0,6.0,2.0,0,39.0
102.0,126.0,11.0,6.0,2.0,0,39.0
102.0,126.0,11.0,6.0,1.0,0,39.0
102.0,125.0,11.0,6.0,1.0,0,38.0
102.0,134.0,11.0,6.0,1.0,0,38.0
102.0,140.0,11.0,6.0,2.0,0,38.0
102.0,140.0,11.0,5.0,1.0,0,38.0
102.0,138.0,11.0,5.0,1.0,0,37.0
102.0,137.0,11.0,5.0,1.0,0,37.0
102.0,135.0,10.0,5.0,1.0,0,37.0
102.0,135.0,11.0,5.0,1.0,0,37.0
102.0,134.0,11.0,5.0,1.0,0,37.0
102.0,133.0,10.0,5.0,1.0,0,36.0
102.0,132.0,10.0,5.0,1.0,0,36.0
102.0,131.0,10.0,5.0,1.0,0,36.0
102.0,131.0,10.0,5.0,1.0,0,35.0
102.0,130.0,10.0,5.0,1.0,0,35.0
102.0,129.0,10.0,5.0,1.0,0,35.0
102.0,128.0,10.0,5.0,1.0,0,35.0
102.0,127.0,10.0,5.0,1.0,0,35.0
102.0,127.0,9.0,4.0,1.0,0,35.0
102.0,126.0,10.0,4.0,1.0,0,35.0
102.0,126.0,9.0,5.0,1.0,0,34.0
102.0,125.0,9.0,4.0,1.0,0,34.0
102.0,124.0,9.0,4.0,1.0,0,34.0
102.0,123.0,10.0,5.0,1.0,0,34.0
102.0,122.0,10.0,10.0,1.0,0,33.0
102.0,121.0,10.0,10.0,1.0,0,33.0
102.0,120.0,10.0,10.0,1.0,0,33.0
102.0,120.0,9.0,10.0,1.0,0,33.0
102.0,120.0,9.0,9.0,1.0,0,33.0
102.0,118.0,9.0,9.0,1.0,0,32.0
102.0,117.0,9.0,9.0,1.0,0,32.0
102.0,117.0,9.0,9.0,1.0,0,31.0
102.0,116.0,9.0,9.0,1.0,0,31.0
102.0,115.0,9.0,9.0,1.0,0,31.0
102.0,114.0,9.0,9.0,1.0,0,31.0
102.0,114.0,9.0,8.0,1.0,0,31.0
102.0,113.0,9.0,8.0,1.0,0,31.0
102.0,112.0,9.0,9.0,1.0,0,31.0
102.0,112.0,9.0,9.0,1.0,0,30.0
102.0,111.0,9.0,7.0,1.0,0,30.0
102.0,111.0,8.0,7.0,1.0,0,30.0
102.0,110.0,8.0,7.0,1.0,0,30.0
102.0,110.0,9.0,7.0,1.0,0,30.0
102.0,109.0,8.0,7.0,1.0,0,30.0
102.0,109.0,9.0,7.0,1.0,0,30.0
102.0,108.0,7.0,7.0,1.0,0,30.0
102.0,108.0,7.0,7.0,1.0,0,29.0
102.0,108.0,9.0,7.0,1.0,0,29.0
102.0,107.0,8.0,7.0,1.0,0,29.0
102.0,107.0,9.0,7.0,1.0,0,29.0
102.0,106.0,9.0,7.0,1.0,0,29.0
102.0,106.0,7.0,7.0,1.0,0,29.0
102.0,105.0,7.0,7.0,1.0,0,29.0
102.0,105.0,7.0,7.0,1.0,0,28.0
102.0,103.0,7.0,7.0,1.0,0,28.0
102.0,102.0,7.0,7.0,1.0,0,28.0
102.0,102.0,7.0,6.0,1.0,0,28.0
102.0,101.0,7.0,6.0,1.0,0,28.0
102.0,101.0,7.0,6.0,1.0,0,27.0
102.0,100.0,18.0,6.0,1.0,0,27.0
102.0,99.0,18.0,7.0,1.0,0,27.0
102.0,99.0,17.0,7.0,1.0,0,27.0
102.0,98.0,17.0,7.0,1.0,0,27.0
102.0,98.0,17.0,6.0,1.0,0,27.0
102.0,97.0,17.0,6.0,1.0,0,27.0
102.0,96.0,16.0,6.0,1.0,0,26.0
102.0,96.0,17.0,6.0,1.0,0,27.0
102.0,97.0,16.0,6.0,1.0,0,26.0
102.0,96.0,16.0,6.0,1.0,0,25.0
102.0,95.0,16.0,6.0,1.0,0,25.0
102.0,94.0,15.0,6.0,1.0,0,25.0
102.0,93.0,15.0,6.0,1.0,0,25.0
102.0,92.0,15.0,6.0,1.0,0,25.0
102.0,92.0,15.0,6.0,0.0,0,25.0
102.0,92.0,15.0,5.0,1.0,0,25.0
102.0,91.0,15.0,5.0,1.0,0,24.0
102.0,99.0,14.0,5.0,1.0,0,24.0
102.0,98.0,14.0,5.0,0.0,0,24.0
102.0,97.0,14.0,5.0,1.0,0,24.0
102.0,96.0,14.0,5.0,1.0,0,24.0
102.0,96.0,14.0,5.0,1.0,0,23.0
102.0,95.0,14.0,5.0,1.0,0,23.0
102.0,95.0,13.0,5.0,1.0,0,23.0
102.0,94.0,13.0,5.0,0.0,0,23.0
102.0,93.0,13.0,5.0,1.0,0,23.0
102.0,93.0,13.0,5.0,3.0,0,23.0
102.0,102.0,13.0,5.0,3.0,0,22.0
102.0,108.0,13.0,5.0,3.0,0,22.0
102.0,108.0,13.0,5.0,2.0,0,22.0
102.0,107.0,13.0,4.0,3.0,0,22.0
102.0,106.0,13.0,4.0,3.0,0,22.0
102.0,105.0,13.0,4.0,2.0,0,22.0
102.0,105.0,12.0,4.0,2.0,0,22.0
102.0,103.0,12.0,4.0,2.0,0,22.0
102.0,103.0,12.0,4.0,2.0,0,21.0
102.0,102.0,12.0,4.0,2.0,0,21.0
102.0,101.0,12.0,4.0,2.0,0,21.0
102.0,114.0,12.0,4.0,2.0,0,21.0
102.0,114.0,12.0,3.0,2.0,0,21.0
102.0,113.0,11.0,3.0,2.0,0,20.0
102.0,112.0,12.0,4.0,2.0,0,20.0
102.0,112.0,13.0,3.0,2.0,0,20.0
102.0,111.0,13.0,3.0,2.0,0,20.0
102.0,110.0,13.0,3.0,2.0,0,20.0
102.0,109.0,12.0,3.0,3.0,0,19.0
102.0,108.0,12.0,3.0,3.0,0,19.0
102.0,107.0,12.0,3.0,3.0,0,19.0
102.0,121.0,12.0,3.0,3.0,0,19.0
102.0,120.0,12.0,3.0,3.0,0,19.0
102.0,118.0,12.0,3.0,3.0,0,19.0
102.0,117.0,12.0,3.0,3.0,0,19.0
102.0,116.0,11.0,3.0,1.8290639827187332,0,19.0
102.0,115.0,11.0,5.0,3.2797992471769133,0,19.0
102.0,114.0,11.0,5.0,3.2797992471769133,0,18.0
102.0,113.0,11.0,5.0,3.2797992471769133,0,18.0
102.0,112.0,11.0,4.0,3.2797992471769133,0,18.0
102.0,119.0,11.0,4.0,3.2797992471769133,0,18.0
102.0,118.0,11.0,4.0,1.8290639827187332,0,18.0
102.0,117.0,11.0,4.0,1.8290639827187332,0,18.0
102.0,116.0,10.0,4.0,1.8290639827187332,0,18.0
102.0,115.0,15.0,4.0,1.8290639827187332,0,17.0
102.0,115.0,17.0,3.0,1.8290639827187332,0,17.0
102.0,114.0,16.0,3.0,1.8290639827187332,0,17.0
102.0,113.0,16.0,3.0,1.8290639827187332,0,17.0
102.0,113.0,16.0,4.0,1.8290639827187332,0,17.0
102.0,112.0,16.0,3.0,1.8290639827187332,0,17.0
102.0,111.0,16.0,3.0,1.8290639827187332,0,17.0
102.0,110.0,15.0,3.0,1.8290639827187332,0,17.0
102.0,115.0,15.0,3.0,1.8290639827187332,0,16.0
102.0,114.0,15.0,3.0,1.8290639827187332,0,17.0
102.0,113.0,15.0,3.0,1.8290639827187332,0,16.0
102.0,112.0,15.0,3.0,1.8290639827187332,0,16.0
102.0,111.0,15.0,3.0,1.8290639827187332,0,16.0
102.0,111.0,15.0,3.0,1.8290639827187332,0,16.0
102.0,110.0,15.0,3.0,1.8290639827187332,0,16.0
102.0,109.0,14.0,3.0,1.8290639827187332,0,16.0
102.0,109.0,14.0,3.0,7.0,0,16.0
102.0,108.0,14.0,3.0,1.8290639827187332,0,15.0
102.0,108.0,14.0,3.0,7.0,0,15.0
102.0,107.0,14.0,3.0,7.0,0,15.0
102.0,114.0,14.0,3.0,7.0,0,15.0
102.0,113.0,14.0,3.0,7.0,0,15.0
102.0,112.0,14.0,3.0,7.0,0,15.0
102.0,112.0,13.0,3.0,7.0,0,15.0
102.0,111.0,13.0,3.0,7.0,0,15.0
102.0,110.0,18.0,3.0,7.0,0,15.0
102.0,109.0,18.0,3.0,7.0,0,15.0
102.0,108.0,18.0,2.0,7.0,0,14.0
102.0,108.0,18.0,3.0,7.0,0,14.0
102.0,107.0,18.0,3.0,7.0,0,14.0
102.0,107.0,17.0,3.0,7.0,0,14.0
102.0,106.0,17.0,2.0,7.0,0,14.0
102.0,113.0,17.0,3.0,7.0,0,14.0
102.0,112.0,17.0,3.0,7.0,0,14.0
102.0,111.0,17.0,3.0,7.0,0,14.0
102.0,110.0,17.0,2.0,7.0,0,14.0
102.0,110.0,16.0,2.0,7.0,0,14.0
102.0,109.0,16.0,2.0,7.0,0,14.0
102.0,108.0,16.0,2.0,7.0,0,13.0
102.0,107.0,16.0,2.0,7.0,0,13.0
102.0,106.0,16.0,2.0,7.0,0,13.0
102.0,105.0,15.0,2.0,7.0,0,13.0
102.0,103.0,15.0,2.0,7.0,0,13.0
102.0,103.0,15.0,6.0,7.0,0,13.0
102.0,103.0,15.0,7.0,7.0,0,13.0
102.0,102.0,15.0,7.0,7.0,0,12.0
102.0,102.0,25.0,7.0,7.0,0,12.0
102.0,101.0,25.0,7.0,7.0,0,12.0
102.0,100.0,24.0,7.0,7.0,0,12.0
102.0,99.0,24.0,7.0,7.0,0,12.0
102.0,98.0,24.0,7.0,7.0,0,12.0
102.0,106.0,24.0,7.0,7.0,0,12.0
102.0,105.0,24.0,7.0,7.0,0,12.0
102.0,103.0,23.0,7.0,7.0,0,12.0
102.0,103.0,22.0,7.0,7.0,0,11.0
102.0,103.0,22.0,6.0,7.0,0,12.0
102.0,102.0,24.0,6.0,7.0,0,12.0
102.0,102.0,24.0,6.0,7.0,0,11.0
102.0,101.0,24.0,6.0,7.0,0,11.0
102.0,100.0,24.0,6.0,7.0,0,11.0
102.0,99.0,24.0,6.0,7.0,0,11.0
102.0,120.0,23.0,6.0,7.0,0,11.0
102.0,119.0,23.0,6.0,7.0,0,11.0
102.0,119.0,22.0,6.0,6.0,0,11.0
102.0,118.0,22.0,6.0,7.0,0,11.0
102.0,117.0,22.0,6.0,7.0,0,11.0
102.0,116.0,22.0,6.0,6.0,0,10.0
102.0,115.0,22.0,6.0,6.0,0,10.0
102.0,115.0,22.0,5.0,6.0,0,10.0
102.0,114.0,22.0,5.0,6.0,0,10.0
102.0,113.0,21.0,5.0,6.0,0,10.0
102.0,112.0,21.0,5.0,6.0,0,10.0
102.0,112.0,21.0,5.0,7.0,0,10.0
102.0,115.0,21.0,5.0,7.0,0,10.0
102.0,115.0,21.0,5.0,7.0,0,9.0
102.0,114.0,21.0,5.0,7.0,0,9.0
102.0,113.0,20.0,5.0,7.0,0,9.0
102.0,113.0,20.0,5.0,6.0,0,9.0
102.0,112.0,20.0,5.0,6.0,0,9.0
102.0,111.0,19.0,5.0,7.0,0,9.0
102.0,111.0,19.0,4.0,6.0,0,9.0
102.0,110.0,19.0,5.0,6.0,0,9.0
102.0,110.0,19.0,4.0,6.0,0,9.0
102.0,109.0,19.0,4.0,6.0,0,9.0
102.0,108.0,19.0,4.0,6.0,0,9.0
102.0,107.0,19.0,4.0,6.0,0,9.0
102.0,107.0,19.0,5.0,6.0,0,9.0
102.0,106.0,19.0,4.0,6.0,0,9.0
102.0,106.0,18.0,4.0,6.0,0,9.0
102.0,105.0,18.0,4.0,6.0,0,9.0
102.0,103.0,18.0,4.0,6.0,0,8.0
102.0,102.0,18.0,4.0,6.0,0,9.0
102.0,107.0,18.0,4.0,6.0,0,8.0
102.0,107.0,18.0,4.0,6.0,0,7.0
102.0,106.0,17.0,3.0,6.0,0,7.0
102.0,105.0,17.0,3.0,6.0,0,7.0
102.0,103.0,17.0,3.0,6.0,0,7.0
102.0,102.0,17.0,3.0,6.0,0,7.0
102.0,102.0,17.0,3.0,5.0,0,7.0
102.0,101.0,16.0,3.0,5.0,0,7.0
102.0,101.0,16.0,3.0,6.0,0,7.0
102.0,100.0,16.0,3.0,5.0,0,7.0
102.0,111.0,16.0,3.0,5.0,0,7.0
102.0,110.0,16.0,3.0,5.0,0,7.0
102.0,109.0,15.0,3.0,5.0,0,7.0
102.0,108.0,15.0,3.0,5.0,0,7.0
102.0,107.0,15.0,3.0,5.0,0,7.0
102.0,105.0,15.0,3.0,5.0,0,7.0
102.0,103.0,15.0,3.0,5.0,0,7.0
102.0,103.0,15.0,2.0,5.0,0,7.0
102.0,102.0,14.0,3.0,5.0,0,7.0
102.0,101.0,14.0,3.0,4.0,0,7.0
102.0,101.0,14.0,2.0,5.0,0,7.0
102.0,100.0,14.0,2.0,4.0,0,7.0
102.0,100.0,14.0,3.0,4.0,0,7.0
102.0,99.0,14.0,2.0,4.0,0,7.0
102.0,98.0,14.0,3.0,4.0,0,6.0
102.0,98.0,14.0,2.0,4.0,0,6.0
102.0,97.0,14.0,2.0,4.0,0,7.0
102.0,102.0,13.0,2.0,4.0,0,6.0
102.0,111.0,13.0,2.0,4.0,0,6.0
102.0,110.0,13.0,2.0,4.0,0,6.0
102.0,109.0,13.0,2.0,4.0,0,7.0
102.0,108.0,13.0,2.0,4.0,0,6.0
102.0,108.0,13.0,2.0,4.0,0,7.0
102.0,107.0,13.0,2.0,4.0,0,7.0
102.0,106.0,13.0,2.0,4.0,0,6.0
102.0,105.0,13.0,2.0,4.0,0,7.0
102.0,103.0,12.0,2.0,4.0,0,6.0
102.0,116.0,12.0,2.0,4.0,0,6.0
102.0,140.0,12.0,2.0,4.0,0,6.0
102.0,139.0,12.0,2.0,3.0,0,6.0
102.0,138.0,12.0,2.0,4.0,0,6.0
102.0,137.0,14.0,2.0,4.0,0,6.0
102.0,135.0,14.0,2.0,3.0,0,6.0
102.0,134.0,14.0,2.0,3.0,0,6.0
102.0,133.0,14.0,2.0,3.0,0,6.0
102.0,132.0,14.0,1.0,3.0,0,6.0
102.0,131.0,13.0,2.0,3.0,0,6.0
102.0,130.0,13.0,1.0,3.0,0,6.0
102.0,130.0,13.0,2.0,3.0,0,5.0
102.0,129.0,13.0,2.0,3.0,0,5.0
102.0,128.0,13.0,2.0,4.0,0,5.0
102.0,127.0,13.0,2.0,4.0,0,5.0
102.0,127.0,13.0,1.0,4.0,0,5.0
102.0,127.0,13.0,1.0,4.0,0,6.0
102.0,125.0,13.0,1.0,4.0,0,5.0
102.0,125.0,12.0,1.0,4.0,0,5.0
102.0,124.0,12.0,1.0,4.0,0,5.0
102.0,123.0,12.0,1.0,4.0,0,5.0
102.0,121.0,12.0,1.0,4.0,0,5.0
102.0,122.0,12.0,1.0,4.0,0,5.0
102.0,121.0,12.0,1.0,3.0,0,5.0
102.0,120.0,12.0,1.0,4.0,0,5.0
102.0,120.0,12.0,1.0,3.0,0,5.0
102.0,119.0,12.0,1.0,3.0,0,5.0
102.0,118.0,12.0,1.0,3.0,0,5.0
102.0,117.0,12.0,1.0,3.0,0,5.0
102.0,117.0,12.0,2.0,3.0,0,5.0
102.0,116.0,12.0,1.0,3.0,0,5.0
102.0,115.0,12.0,1.0,3.0,0,5.0
102.0,115.0,12.0,1.0,3.0,0,4.0
102.0,114.0,11.0,1.0,3.0,0,4.0
102.0,113.0,12.0,1.0,3.0,0,4.0
102.0,113.0,11.0,1.0,3.0,0,4.0
102.0,112.0,11.0,1.0,3.0,0,4.0
102.0,111.0,11.0,1.0,3.0,0,4.0
102.0,110.0,11.0,1.0,3.0,0,4.0
102.0,109.0,11.0,1.0,3.0,0,4.0
102.0,109.0,12.0,1.0,3.0,0,4.0
102.0,108.0,12.0,1.0,3.0,0,4.0
102.0,107.0,12.0,1.0,3.0,0,4.0
102.0,107.0,11.0,1.0,3.0,0,3.0
102.0,106.0,11.0,1.0,3.0,0,4.0
102.0,105.0,11.0,1.0,3.0,0,4.0
102.0,105.0,11.0,1.0,3.0,0,3.0
102.0,103.0,11.0,1.0,3.0,0,4.0
102.0,103.0,11.0,1.0,3.0,0,3.0
102.0,103.0,12.0,1.0,3.0,0,4.0
102.0,102.0,11.0,1.0,3.0,0,3.0
102.0,106.0,11.0,1.0,3.0,0,3.0
102.0,101.0,10.0,1.0,3.0,0,3.0
102.0,100.0,10.0,1.0,3.0,0,3.0
102.0,99.0,10.0,1.0,3.0,0,3.0
102.0,121.0,10.0,2.0,3.0,0,3.0
102.0,120.0,10.0,2.0,3.0,0,3.0
102.0,120.0,10.0,3.0,3.0,0,3.0
102.0,119.0,10.0,3.0,3.0,0,3.0
102.0,118.0,10.0,3.0,3.0,0,3.0
102.0,117.0,10.0,3.0,3.0,0,3.0
102.0,116.0,10.0,3.0,3.0,0,3.0
102.0,115.0,10.0,3.0,3.0,0,3.0
102.0,115.0,9.0,3.0,3.0,0,3.0
102.0,114.0,9.0,3.0,3.0,0,3.0
102.0,113.0,9.0,3.0,3.0,0,3.0
102.0,117.0,9.0,3.0,2.0,0,3.0
102.0,122.0,10.0,3.0,3.0,0,3.0
102.0,121.0,11.0,3.0,3.0,0,3.0
102.0,120.0,11.0,3.0,2.0,0,3.0
102.0,119.0,10.0,3.0,2.0,0,3.0
102.0,118.0,10.0,3.0,2.0,0,3.0
102.0,117.0,10.0,2.0,2.0,0,3.0
102.0,116.0,10.0,7.0,2.0,0,3.0
102.0,115.0,10.0,8.0,2.0,0,3.0
102.0,114.0,10.0,7.0,2.0,0,2.0
102.0,117.0,9.0,7.0,2.0,0,2.0
102.0,116.0,9.0,7.0,2.0,0,3.0
102.0,115.0,25.0,7.0,2.0,0,3.0
102.0,115.0,31.0,7.0,2.0,0,3.0
102.0,114.0,30.0,7.0,2.0,0,2.0
102.0,113.0,30.0,7.0,2.0,0,2.0
102.0,112.0,30.0,7.0,2.0,0,3.0
102.0,112.0,29.0,7.0,2.0,0,2.0
102.0,111.0,29.0,7.0,2.0,0,2.0
102.0,110.0,29.0,7.0,2.0,0,2.0
102.0,109.0,29.0,7.0,2.0,0,2.0
102.0,108.0,28.0,7.0,2.0,0,2.0
102.0,107.0,28.0,7.0,2.0,0,2.0
102.0,106.0,28.0,7.0,2.0,0,2.0
102.0,105.0,28.0,6.0,2.0,0,2.0
102.0,105.0,27.0,7.0,2.0,0,2.0
102.0,103.0,27.0,7.0,2.0,0,2.0
102.0,103.0,27.0,6.0,2.0,0,2.0
102.0,103.0,26.0,6.0,2.0,0,2.0
102.0,102.0,26.0,7.0,2.0,0,2.0
102.0,102.0,26.0,6.0,2.0,0,2.0
102.0,122.0,26.0,6.0,2.0,0,2.0
102.0,121.0,26.0,6.0,2.0,0,2.0
102.0,120.0,25.0,6.0,2.0,0,2.0
102.0,119.0,25.0,6.0,2.0,0,2.0
102.0,118.0,25.0,6.0,2.0,0,2.0
102.0,117.0,25.0,6.0,2.0,0,2.0
102.0,116.0,25.0,6.0,2.0,0,2.0
102.0,115.0,25.0,6.0,2.0,0,2.0
102.0,115.0,24.0,6.0,2.0,0,2.0
102.0,115.0,24.0,5.0,2.0,0,2.0
102.0,114.0,24.0,5.0,2.0,0,2.0
102.0,113.0,24.0,5.0,2.0,0,2.0
102.0,112.0,24.0,5.0,2.0,0,2.0
102.0,111.0,24.0,5.0,1.0,0,2.0
102.0,111.0,24.0,6.0,2.0,0,2.0
102.0,110.0,23.0,5.0,1.0,0,2.0
102.0,110.0,23.0,5.0,1.0,0,1.0
102.0,109.0,23.0,5.0,1.0,0,2.0
102.0,108.0,23.0,5.0,1.0,0,2.0
102.0,108.0,22.0,5.0,1.0,0,2.0
102.0,107.0,23.0,5.0,1.0,0,2.0
102.0,107.0,22.0,5.0,2.0,0,2.0
102.0,107.0,22.0,5.0,2.0,0,1.0
102.0,118.0,22.0,5.0,2.0,0,2.0
102.0,117.0,22.0,5.0,2.0,0,2.0
102.0,118.0,22.0,11.0,2.0,0,2.0
102.0,117.0,21.0,11.0,2.0,0,2.0
102.0,116.0,21.0,11.0,1.0,0,2.0
102.0,115.0,21.0,11.0,1.0,0,1.0
102.0,115.0,21.0,10.0,2.0,0,2.0
102.0,114.0,21.0,11.0,2.0,0,2.0
102.0,113.0,21.0,10.0,2.0,0,2.0
102.0,112.0,21.0,10.0,2.0,0,2.0
102.0,111.0,20.0,10.0,1.0,0,2.0
102.0,126.0,20.0,10.0,1.0,0,3.0
102.0,112.01756587202007,20.0,10.0,1.0,0,3.0
102.0,112.01756587202007,19.0,12.0,1.0,0,3.0
102.0,141.0,19.0,12.0,1.0,0,3.0
102.0,140.0,19.0,12.0,1.0,0,3.0
102.0,139.0,19.0,11.0,1.0,0,3.0
102.0,138.0,19.0,12.0,1.0,0,3.0
102.0,137.0,19.0,11.0,1.0,0,3.0
102.0,135.0,19.0,11.0,1.0,0,6.0
102.0,135.0,20.0,11.0,1.0,0,6.0
102.0,134.0,20.0,11.0,1.0,0,6.0
102.0,133.0,19.0,11.0,6.0,0,6.0
102.0,132.0,19.0,11.0,7.0,0,6.0
102.0,131.0,19.0,11.0,7.0,0,6.0
102.0,130.0,19.0,11.0,7.0,0,6.0
102.0,130.0,19.0,10.0,7.0,0,6.0
102.0,129.0,19.0,10.0,7.0,0,6.0
102.0,128.0,19.0,10.0,7.0,0,6.0
102.0,127.0,19.0,10.0,7.0,0,6.0
102.0,127.0,18.0,9.0,7.0,0,6.0
102.0,126.0,18.0,9.0,7.0,0,6.0
102.0,128.0,19.0,9.0,7.0,0,6.0
102.0,127.0,18.0,9.0,7.0,0,5.0
102.0,126.0,18.0,9.0,7.0,0,5.0
102.0,125.0,18.0,9.0,7.0,0,5.0
102.0,124.0,18.0,9.0,6.0,0,5.0
102.0,124.0,18.0,9.0,7.0,0,5.0
102.0,123.0,17.0,9.0,6.0,0,5.0
102.0,122.0,17.0,8.0,7.0,0,5.0
102.0,121.0,17.0,9.0,6.0,0,5.0
102.0,120.0,17.0,8.0,6.0,0,5.0
102.0,120.0,17.0,7.0,6.0,0,5.0
102.0,123.0,17.0,8.0,6.0,0,5.0
102.0,122.0,17.0,10.0,6.0,0,5.0
102.0,121.0,17.0,14.0,6.0,0,5.0
102.0,121.0,16.0,14.0,6.0,0,4.0
102.0,120.0,17.0,14.0,6.0,0,5.0
102.0,120.0,16.0,14.0,6.0,0,5.0
102.0,119.0,17.0,13.0,6.0,0,4.0
102.0,118.0,16.0,13.0,6.0,0,4.0
102.0,117.0,16.0,13.0,6.0,0,4.0
102.0,116.0,16.0,13.0,6.0,0,51.0
102.0,115.0,16.0,13.0,6.0,0,60.0
102.0,115.0,16.0,12.0,6.0,0,60.0
102.0,115.0,15.0,12.0,6.0,0,59.0
102.0,115.0,21.0,12.0,6.0,0,58.0
102.0,114.0,20.0,12.0,6.0,0,58.0
102.0,113.0,23.0,12.0,6.0,0,57.0
102.0,113.0,31.0,12.0,6.0,0,57.0
102.0,112.0,31.0,12.0,6.0,0,57.0
102.0,112.0,31.0,12.0,6.0,0,56.0
102.0,111.0,31.0,12.0,6.0,0,56.0
102.0,110.0,30.0,12.0,6.0,0,56.0
102.0,110.0,30.0,11.0,6.0,0,56.0
102.0,109.0,30.0,11.0,6.0,0,55.0
102.0,108.0,30.0,11.0,6.0,0,54.0
102.0,109.0,29.0,11.0,5.0,0,54.0
102.0,108.0,29.0,11.0,6.0,0,54.0
102.0,108.0,29.0,11.0,5.0,0,53.0
102.0,107.0,29.0,11.0,6.0,0,53.0
102.0,107.0,29.0,10.0,5.0,0,53.0
102.0,106.0,29.0,10.0,5.0,0,52.0
102.0,105.0,29.0,10.0,5.0,0,52.0
102.0,105.0,29.0,10.0,5.0,0,51.0
102.0,103.0,29.0,10.0,5.0,0,51.0
102.0,103.0,28.0,10.0,5.0,0,51.0
102.0,103.0,28.0,10.0,5.0,0,50.0
102.0,102.0,28.0,9.0,5.0,0,50.0
102.0,103.0,28.0,9.0,5.0,0,50.0
102.0,103.0,27.0,9.0,5.0,0,50.0
102.0,103.0,27.0,9.0,5.0,0,49.0
102.0,103.0,27.0,9.0,5.0,0,64.0
102.0,102.0,27.0,9.0,5.0,0,67.0
102.0,101.0,26.0,9.0,5.0,0,67.0
102.0,101.0,27.0,9.0,5.0,0,67.0
102.0,101.0,45.0,9.0,5.0,0,66.0
102.0,99.0,45.0,9.0,5.0,0,66.0
102.0,99.0,45.0,9.0,5.0,0,65.0
102.0,99.0,44.0,9.0,5.0,0,65.0
102.0,98.0,44.0,9.0,5.0,0,64.0
102.0,98.0,44.0,8.0,5.0,0,64.0
102.0,102.0,43.0,7.0,5.0,0,63.0
102.0,108.0,43.0,7.0,5.0,0,63.0
102.0,107.0,43.0,7.0,5.0,0,63.0
102.0,105.0,42.0,7.0,5.0,0,62.0
102.0,105.0,42.0,7.0,4.0,0,62.0
102.0,105.0,41.0,7.0,4.0,0,62.0
102.0,103.0,41.0,8.0,4.0,0,62.0
102.0,103.0,41.0,7.0,4.0,0,61.0
102.0,102.0,41.0,7.0,5.0,0,60.0
102.0,102.0,40.0,7.0,4.0,0,60.0
102.0,101.0,39.0,7.0,4.0,0,60.0
102.0,103.0,39.0,8.0,4.0,0,59.0
102.0,105.0,39.0,7.0,4.0,0,59.0
102.0,103.0,39.0,7.0,4.0,0,58.0
102.0,103.0,39.0,7.0,4.0,0,57.0
102.0,102.0,38.0,7.0,4.0,0,57.0
102.0,101.0,38.0,7.0,4.0,0,57.0
102.0,100.0,38.0,7.0,4.0,0,56.0
102.0,99.0,37.0,7.0,4.0,0,56.0
102.0,98.0,37.0,7.0,3.0,0,55.0
102.0,103.0,37.0,7.0,3.0,0,55.0
102.0,103.0,36.0,7.0,4.0,0,55.0
102.0,103.0,36.0,7.0,3.0,0,54.0
102.0,102.0,35.0,7.0,3.0,0,54.0
102.0,101.0,35.0,7.0,3.0,0,53.0
102.0,100.0,35.0,7.0,3.0,0,53.0
102.0,99.0,39.0,7.0,3.0,0,52.0
102.0,99.0,38.0,7.0,3.0,0,52.0
102.0,98.0,38.0,7.0,3.0,0,51.0
102.0,98.0,37.0,6.0,3.0,0,51.0
102.0,97.0,37.0,6.0,3.0,0,51.0
102.0,98.0,37.0,7.0,4.0,0,51.0
102.0,101.0,37.0,6.0,5.0,0,51.0
102.0,99.0,36.0,7.0,5.0,0,51.0
102.0,99.0,36.0,9.0,5.0,0,50.0
102.0,98.0,35.0,9.0,5.0,0,50.0
102.0,98.0,35.0,7.0,5.0,0,49.0
102.0,97.0,35.0,7.0,5.0,0,49.0
102.0,96.0,35.0,7.0,5.0,0,48.0
102.0,96.0,35.0,7.0,4.0,0,48.0
102.0,96.0,34.0,7.0,4.0,0,48.0
102.0,95.0,34.0,7.0,4.0,0,48.0
102.0,94.0,34.0,7.0,4.0,0,48.0
102.0,100.0,34.0,7.0,4.0,0,47.0
102.0,99.0,33.0,7.0,4.0,0,47.0
102.0,99.0,33.0,7.0,4.0,0,46.0
102.0,98.0,33.0,7.0,4.0,0,46.0
102.0,98.0,32.0,7.0,4.0,0,46.0
102.0,97.0,32.0,7.0,4.0,0,46.0
102.0,96.0,32.0,7.0,4.0,0,46.0
102.0,96.0,31.0,7.0,4.0,0,45.0
102.0,95.0,31.0,7.0,4.0,0,45.0
102.0,94.0,31.0,7.0,4.0,0,45.0
102.0,94.0,31.0,7.0,3.0,0,45.0
102.0,93.0,31.0,7.0,4.0,0,44.0
102.0,109.0,30.0,6.0,4.0,0,44.0
102.0,108.0,30.0,6.0,4.0,0,44.0
102.0,108.0,30.0,6.0,3.0,0,43.0
102.0,107.0,30.0,6.0,4.0,0,43.0
102.0,107.0,30.0,6.0,3.0,0,43.0
102.0,106.0,30.0,6.0,3.0,0,43.0
102.0,105.0,29.0,6.0,3.0,0,43.0
102.0,105.0,30.0,6.0,3.0,0,43.0
102.0,103.0,29.0,6.0,3.0,0,42.0
102.0,103.0,29.0,6.0,3.0,0,43.0
102.0,102.0,28.0,6.0,3.0,0,42.0
102.0,102.0,28.0,5.0,3.0,0,42.0
102.0,117.0,28.0,5.0,3.0,0,41.0
102.0,116.0,28.0,6.0,3.0,0,41.0
102.0,115.0,28.0,7.0,3.0,0,41.0
102.0,115.0,28.0,6.0,3.0,0,41.0
102.0,114.0,27.0,6.0,3.0,0,41.0
102.0,113.0,27.0,6.0,3.0,0,39.0
102.0,112.0,27.0,6.0,3.0,0,39.0
102.0,111.0,27.0,6.0,3.0,0,39.0
102.0,111.0,26.0,6.0,3.0,0,40.0
102.0,110.0,26.0,6.0,3.0,0,39.0
102.0,115.0,26.0,6.0,3.0,0,39.0
102.0,122.0,26.0,6.0,3.0,0,39.0
102.0,121.0,25.0,6.0,3.0,0,39.0
102.0,120.0,25.0,5.0,3.0,0,39.0
102.0,120.0,25.0,6.0,3.0,0,39.0
102.0,119.0,25.0,6.0,3.0,0,39.0
102.0,118.0,25.0,5.0,3.0,0,39.0
102.0,118.0,25.0,5.0,3.0,0,38.0
102.0,117.0,25.0,5.0,3.0,0,38.0
102.0,116.0,25.0,5.0,3.0,0,38.0
102.0,115.0,25.0,5.0,3.0,0,37.0
102.0,115.0,24.0,5.0,3.0,0,37.0
102.0,114.0,24.0,5.0,3.0,0,37.0
102.0,116.0,24.0,5.0,3.0,0,37.0
102.0,121.0,24.0,5.0,3.0,0,37.0
102.0,121.0,24.0,4.0,3.0,0,36.0
102.0,120.0,24.0,5.0,3.0,0,36.0
102.0,120.0,24.0,4.0,3.0,0,36.0
102.0,118.0,24.0,4.0,3.0,0,35.0
102.0,117.0,23.0,4.0,2.0,0,35.0
102.0,117.0,23.0,4.0,3.0,0,35.0
102.0,115.0,23.0,4.0,2.0,0,35.0
102.0,115.0,23.0,4.0,2.0,0,47.0
102.0,114.0,23.0,4.0,3.0,0,47.0
102.0,114.0,25.0,4.0,2.0,0,46.0
102.0,113.0,73.0,4.0,2.0,0,46.0
102.0,121.0,79.0,4.0,2.0,0,46.0
102.0,121.0,79.0,4.0,3.0,0,45.0
102.0,120.0,78.0,4.0,2.0,0,45.0
102.0,120.0,78.0,3.0,2.0,0,45.0
102.0,119.0,77.0,3.0,2.0,0,45.0
102.0,118.0,76.0,3.0,2.0,0,44.0
102.0,117.0,76.0,3.0,2.0,0,44.0
102.0,116.0,76.0,3.0,2.0,0,44.0
102.0,116.0,75.0,5.0,2.0,0,44.0
102.0,115.0,75.0,7.0,3.0,0,44.0
102.0,115.0,74.0,7.0,3.0,0,43.0
102.0,114.0,74.0,7.0,3.0,0,43.0
102.0,113.0,73.0,7.0,3.0,0,43.0
102.0,119.0,73.0,7.0,3.0,0,42.0
102.0,118.0,71.0,7.0,3.0,0,42.0
102.0,117.0,71.0,7.0,3.0,0,42.0
102.0,116.0,71.0,7.0,3.0,0,41.0
102.0,115.0,71.0,7.0,3.0,0,41.0
102.0,115.0,71.0,6.0,3.0,0,41.0
102.0,114.0,70.0,6.0,3.0,0,41.0
102.0,113.0,69.0,6.0,3.0,0,40.0
102.0,113.0,69.0,6.0,3.0,0,39.0
102.0,112.0,69.0,6.0,3.0,0,39.0
102.0,111.0,68.0,6.0,3.0,0,39.0
102.0,110.0,67.0,6.0,2.0,0,39.0
102.0,117.0,67.0,6.0,2.0,0,39.0
102.0,116.0,67.0,6.0,2.0,0,39.0
102.0,115.0,66.0,6.0,2.0,0,39.0
102.0,115.0,66.0,6.0,3.0,0,39.0
102.0,114.0,66.0,5.0,2.0,0,39.0
102.0,113.0,66.0,5.0,3.0,0,60.0
102.0,113.0,65.0,5.0,3.0,0,65.0
102.0,112.0,65.0,5.0,3.0,0,65.0
102.0,112.0,64.0,5.0,3.0,0,64.0
102.0,111.0,64.0,5.0,3.0,0,63.0
102.0,110.0,63.0,5.0,3.0,0,63.0
102.0,109.0,63.0,5.0,3.0,0,63.0
102.0,109.0,32.29736511919699,5.0,3.0,0,62.0
102.0,114.0,32.29736511919699,5.0,3.0,0,62.0
102.0,113.0,32.29736511919699,5.0,3.0,0,62.0
102.0,113.0,32.29736511919699,5.0,3.0,0,61.0
102.0,112.0,26.46244927379713,5.0,3.0,0,61.0
102.0,112.0,26.46244927379713,5.0,3.0,0,60.0
102.0,111.0,26.46244927379713,5.0,3.0,0,60.0
102.0,110.0,26.46244927379713,5.0,3.0,0,60.0
102.0,110.0,26.46244927379713,4.0,2.0,0,60.0
102.0,109.0,26.46244927379713,4.0,3.0,0,59.0
102.0,109.0,26.46244927379713,4.0,3.0,0,59.0
102.0,108.0,26.46244927379713,4.0,2.0,0,58.0
102.0,107.0,26.46244927379713,4.0,2.0,0,58.0
102.0,108.0,26.46244927379713,4.0,2.0,0,57.0
102.0,112.0,26.46244927379713,4.0,2.0,0,57.0
102.0,112.0,26.46244927379713,5.0,2.0,0,62.0
102.0,111.0,26.46244927379713,11.0,2.0,0,74.0
102.0,110.0,26.46244927379713,15.0,2.0,0,73.0
102.0,110.0,26.46244927379713,16.0,2.0,0,73.0
102.0,109.0,26.46244927379713,16.0,2.0,0,71.0
102.0,108.0,26.46244927379713,15.0,2.0,0,71.0
102.0,108.0,26.46244927379713,15.0,2.0,0,71.0
102.0,107.0,26.46244927379713,15.0,2.0,0,71.0
102.0,106.0,26.46244927379713,15.0,2.0,0,70.0
102.0,105.0,26.46244927379713,15.0,2.0,0,70.0
102.0,105.0,26.46244927379713,15.0,2.0,0,70.0
102.0,114.0,26.46244927379713,14.0,2.0,0,69.0
102.0,115.0,26.46244927379713,14.0,2.0,0,69.0
102.0,115.0,26.46244927379713,14.0,2.0,0,69.0
102.0,114.0,26.46244927379713,14.0,2.0,0,68.0
102.0,113.0,26.46244927379713,14.0,2.0,0,67.0
102.0,112.0,26.46244927379713,14.0,2.0,0,67.0
102.0,111.0,26.46244927379713,13.0,2.0,0,66.0
102.0,110.0,26.46244927379713,14.0,2.0,0,66.0
102.0,110.0,26.46244927379713,13.0,2.0,0,65.0
102.0,109.0,26.46244927379713,13.0,2.0,0,65.0
102.0,108.0,26.46244927379713,13.0,2.0,0,65.0
102.0,108.0,26.46244927379713,13.0,2.0,0,110.0
102.0,109.0,26.46244927379713,13.0,2.0,0,48.151819322459225
102.0,108.0,26.46244927379713,12.0,2.0,0,48.151819322459225
102.0,107.0,26.46244927379713,13.0,2.0,0,48.151819322459225
102.0,106.0,26.46244927379713,13.0,2.0,0,48.151819322459225
102.0,105.0,26.46244927379713,13.0,2.0,0,48.151819322459225
102.0,105.0,26.46244927379713,13.0,2.0,0,48.151819322459225
102.0,103.0,26.46244927379713,12.0,1.0,0,48.151819322459225
102.0,103.0,26.46244927379713,12.0,2.0,0,48.151819322459225
102.0,102.0,26.46244927379713,12.0,2.0,0,48.151819322459225
102.0,102.0,26.46244927379713,12.0,1.0,0,48.151819322459225
102.0,101.0,26.46244927379713,12.0,2.0,0,36.613289983423236
102.0,113.0,26.46244927379713,12.0,2.0,0,36.613289983423236
102.0,112.0,83.0,12.0,1.0,0,36.613289983423236
102.0,112.0,83.0,11.0,2.0,0,36.613289983423236
102.0,111.0,83.0,11.0,1.0,0,36.613289983423236
102.0,111.0,82.0,11.0,2.0,0,36.613289983423236
102.0,110.0,82.0,11.0,1.0,0,36.613289983423236
102.0,110.0,82.0,11.0,1.0,0,36.613289983423236
102.0,109.0,81.0,11.0,1.0,0,36.613289983423236
102.0,108.0,81.0,11.0,2.0,0,36.613289983423236
102.0,108.0,80.0,10.0,2.0,0,36.613289983423236
102.0,107.0,79.0,10.0,1.0,0,36.613289983423236
102.0,107.0,79.0,10.0,1.0,0,36.613289983423236
102.0,106.0,79.0,10.0,1.0,0,36.613289983423236
102.0,105.0,78.0,10.0,1.0,0,36.613289983423236
102.0,116.0,78.0,10.0,1.0,0,36.613289983423236
102.0,115.0,78.0,10.0,1.0,0,36.613289983423236
102.0,115.0,77.0,10.0,1.0,0,36.613289983423236
102.0,114.0,77.0,10.0,2.0,0,36.613289983423236
102.0,113.0,76.0,9.0,1.0,0,36.613289983423236
102.0,113.0,76.0,9.0,2.0,0,36.613289983423236
102.0,112.0,76.0,12.0,2.0,0,36.613289983423236
102.0,112.0,76.0,13.0,2.0,0,36.613289983423236
102.0,111.0,75.0,13.0,1.0,0,36.613289983423236
102.0,110.0,74.0,13.0,2.0,0,36.613289983423236
102.0,109.0,74.0,12.0,1.0,0,36.613289983423236
102.0,108.0,73.0,12.0,1.0,0,36.613289983423236
102.0,108.0,73.0,12.0,1.0,0,36.613289983423236
102.0,113.0,73.0,12.0,1.0,0,36.613289983423236
102.0,113.0,71.0,12.0,1.0,0,36.613289983423236
102.0,112.0,71.0,12.0,1.0,0,36.613289983423236
102.0,111.0,71.0,12.0,1.0,0,36.613289983423236
102.0,110.0,71.0,12.0,1.0,0,36.613289983423236
102.0,110.0,70.0,11.0,2.0,0,36.613289983423236
102.0,109.0,70.0,11.0,2.0,0,36.613289983423236
102.0,108.0,70.0,11.0,2.0,0,36.613289983423236
102.0,108.0,69.0,11.0,2.0,0,36.613289983423236
102.0,108.0,69.0,11.0,2.0,0,36.613289983423236
102.0,107.0,69.0,11.0,2.0,0,36.613289983423236
102.0,106.0,68.0,11.0,2.0,0,36.613289983423236
102.0,109.0,68.0,11.0,2.0,0,36.613289983423236
102.0,117.0,67.0,11.0,2.0,0,36.613289983423236
102.0,116.0,67.0,10.0,1.0,0,36.613289983423236
102.0,115.0,67.0,10.0,2.0,0,36.613289983423236
102.0,114.0,66.0,10.0,2.0,0,36.613289983423236
102.0,114.0,66.0,10.0,2.0,0,36.613289983423236
102.0,113.0,66.0,10.0,2.0,0,36.613289983423236
102.0,113.0,65.0,10.0,1.0,0,36.613289983423236
102.0,112.0,65.0,9.0,1.0,0,36.613289983423236
102.0,112.0,65.0,10.0,2.0,0,36.613289983423236
102.0,111.0,64.0,10.0,2.0,0,36.613289983423236
102.0,110.0,63.0,9.0,2.0,0,36.613289983423236
102.0,109.0,63.0,9.0,1.0,0,36.613289983423236
102.0,114.0,63.0,9.0,1.0,0,36.613289983423236
102.0,115.0,63.0,9.0,1.0,0,36.613289983423236
102.0,115.0,62.0,9.0,1.0,0,36.613289983423236
102.0,114.0,62.0,9.0,1.0,0,36.613289983423236
102.0,113.0,62.0,9.0,1.0,0,36.613289983423236
102.0,113.0,61.0,9.0,1.0,0,36.613289983423236
102.0,112.0,61.0,9.0,1.0,0,36.613289983423236
102.0,112.0,61.0,8.0,1.0,0,36.613289983423236
102.0,111.0,61.0,8.0,1.0,0,36.613289983423236
102.0,110.0,60.0,8.0,1.0,0,36.613289983423236
102.0,110.0,60.0,7.0,1.0,0,36.613289983423236
102.0,109.0,60.0,7.0,1.0,0,36.613289983423236
102.0,108.0,60.0,7.0,1.0,0,36.613289983423236
102.0,108.0,59.0,7.0,1.0,0,36.613289983423236
102.0,110.0,59.0,7.0,1.0,0,36.613289983423236
102.0,109.0,58.0,7.0,1.0,0,36.613289983423236
102.0,108.0,58.0,7.0,1.0,0,36.613289983423236
102.0,107.0,57.0,7.0,1.0,0,36.613289983423236
102.0,107.0,57.0,7.0,1.0,0,36.613289983423236
102.0,106.0,57.0,7.0,1.0,0,36.613289983423236
102.0,105.0,56.0,7.0,1.0,0,36.613289983423236
102.0,105.0,56.0,7.0,1.0,0,36.613289983423236
102.0,103.0,56.0,7.0,1.0,0,36.613289983423236
102.0,103.0,56.0,7.0,1.0,0,36.613289983423236
102.0,103.0,55.0,7.0,1.0,0,36.613289983423236
102.0,103.0,55.0,7.0,1.0,0,36.613289983423236
102.0,110.0,54.0,7.0,1.0,0,36.613289983423236
102.0,109.0,54.0,7.0,1.0,0,36.613289983423236
102.0,108.0,54.0,6.0,1.0,0,36.613289983423236
102.0,108.0,53.0,7.0,1.0,0,36.613289983423236
102.0,107.0,53.0,7.0,1.0,0,36.613289983423236
102.0,106.0,53.0,6.0,2.0,0,36.613289983423236
102.0,105.0,52.0,6.0,2.0,0,36.613289983423236
102.0,104.0,51.0,6.0,2.0,0,36.613289983423236
102.0,103.0,51.0,6.0,1.0,0,36.613289983423236
102.0,103.0,51.0,6.0,1.0,0,36.613289983423236
102.0,103.0,51.0,6.0,2.0,0,36.613289983423236
102.0,102.0,51.0,6.0,1.0,0,36.613289983423236
102.0,108.0,50.0,6.0,2.0,0,36.613289983423236
102.0,107.0,50.0,6.0,2.0,0,36.613289983423236
102.0,107.0,50.0,6.0,1.0,0,36.613289983423236
102.0,106.0,50.0,6.0,1.0,0,36.613289983423236
102.0,105.0,49.0,6.0,1.0,0,36.613289983423236
102.0,105.0,49.0,5.0,1.0,0,36.613289983423236
102.0,103.0,49.0,5.0,2.0,0,36.613289983423236
102.0,103.0,48.0,5.0,1.0,0,36.613289983423236
